date,sunrise,sunset,moonrise,moonset,moon_phase,moon_illumination,maxtempC,maxtempF,mintempC,mintempF,avgtempC,avgtempF,totalSnow_cm,sunHour,uvIndex,time,tempC,tempF,windspeedMiles,windspeedKmph,winddirDegree,winddir16Point,weatherCode,value,value,precipMM,precipInches,humidity,visibility,visibilityMiles,pressure,pressureInches,cloudcover,HeatIndexC,HeatIndexF,DewPointC,DewPointF,WindChillC,WindChillF,WindGustMiles,WindGustKmph,FeelsLikeC,FeelsLikeF,uvIndex
2021-08-10,06:19 AM,08:10 PM,08:16 AM,09:48 PM,Waxing Crescent,11,35,94,21,70,29,85,0.0,11.6,6,24,35,94,5,9,172,S,263,http://cdn.worldweatheronline.com/images/wsymbols01_png_64/wsymbol_0009_light_rain_showers.png,Patchy light drizzle,19.2,0.8,77,8,5,1020,30,53,30,87,21,69,28,83,8,13,30,87,6
2021-08-09,06:18 AM,08:11 PM,07:09 AM,09:18 PM,Waxing Crescent,3,33,91,22,72,28,83,0.0,11.6,6,24,33,91,4,7,168,SSE,176,http://cdn.worldweatheronline.com/images/wsymbols01_png_64/wsymbol_0009_light_rain_showers.png,Patchy rain possible,1.6,0.1,69,10,6,1020,30,36,29,84,20,67,27,80,7,11,29,84,6
2021-08-08,06:17 AM,08:12 PM,06:03 AM,08:45 PM,New Moon,0,33,91,21,69,28,82,0.0,11.6,7,24,33,91,4,7,182,S,116,http://cdn.worldweatheronline.com/images/wsymbols01_png_64/wsymbol_0002_sunny_intervals.png,Partly cloudy,0.0,0.0,61,10,6,1018,30,32,28,82,17,62,27,80,6,10,28,82,7
2021-08-07,06:17 AM,08:13 PM,04:59 AM,08:08 PM,New Moon,0,33,91,20,69,28,82,0.0,11.6,7,24,33,91,4,6,174,S,116,http://cdn.worldweatheronline.com/images/wsymbols01_png_64/wsymbol_0002_sunny_intervals.png,Partly cloudy,0.1,0.0,68,10,6,1018,30,19,28,82,19,66,26,79,6,9,28,82,7
2021-08-06,06:16 AM,08:14 PM,03:59 AM,07:26 PM,Waning Crescent,4,33,92,20,68,28,83,0.0,11.6,7,24,33,92,5,8,188,S,116,http://cdn.worldweatheronline.com/images/wsymbols01_png_64/wsymbol_0002_sunny_intervals.png,Partly cloudy,0.0,0.0,52,10,6,1020,30,14,28,82,15,58,27,80,8,13,28,82,7
2021-08-05,06:15 AM,08:16 PM,03:06 AM,06:37 PM,Waning Crescent,11,30,85,19,65,25,78,0.0,11.6,7,24,30,85,4,6,136,SE,116,http://cdn.worldweatheronline.com/images/wsymbols01_png_64/wsymbol_0002_sunny_intervals.png,Partly cloudy,0.0,0.0,65,10,6,1020,30,23,24,75,16,60,24,75,5,8,24,75,7
2021-08-04,06:14 AM,08:17 PM,02:20 AM,05:44 PM,Waning Crescent,18,29,84,18,64,24,76,0.0,11.6,6,24,29,84,4,7,186,S,116,http://cdn.worldweatheronline.com/images/wsymbols01_png_64/wsymbol_0002_sunny_intervals.png,Partly cloudy,0.0,0.0,70,10,6,1019,30,17,23,73,16,61,23,73,5,9,23,73,6
2021-08-03,06:13 AM,08:18 PM,01:41 AM,04:47 PM,Waning Crescent,26,26,78,19,66,23,73,0.0,11.6,6,24,26,78,4,7,57,ENE,116,http://cdn.worldweatheronline.com/images/wsymbols01_png_64/wsymbol_0002_sunny_intervals.png,Partly cloudy,0.0,0.0,62,10,6,1018,30,13,23,73,14,57,22,72,6,10,23,73,6
2021-08-02,06:12 AM,08:19 PM,01:08 AM,03:48 PM,Last Quarter,33,30,85,19,67,25,78,0.0,11.6,7,24,30,85,7,11,298,WNW,116,http://cdn.worldweatheronline.com/images/wsymbols01_png_64/wsymbol_0002_sunny_intervals.png,Partly cloudy,0.0,0.0,54,10,6,1014,30,13,25,76,13,56,24,76,10,16,25,76,7
2021-08-01,06:11 AM,08:20 PM,12:39 AM,02:48 PM,Last Quarter,40,25,78,18,64,21,70,0.0,7.0,5,24,25,78,5,8,168,SSE,353,http://cdn.worldweatheronline.com/images/wsymbols01_png_64/wsymbol_0009_light_rain_showers.png,Light rain shower,5.2,0.2,81,10,5,1014,30,70,22,72,17,63,21,70,8,13,21,70,5
2021-07-31,06:10 AM,08:21 PM,12:12 AM,01:49 PM,Last Quarter,51,32,89,16,61,25,78,0.0,11.6,7,24,32,89,4,7,247,WSW,116,http://cdn.worldweatheronline.com/images/wsymbols01_png_64/wsymbol_0002_sunny_intervals.png,Partly cloudy,0.0,0.0,43,10,6,1017,30,3,25,76,9,48,24,76,6,10,25,76,7
2021-07-30,06:10 AM,08:22 PM,No moonrise,12:50 PM,Waning Gibbous,55,30,87,21,70,27,80,0.0,11.6,6,24,30,87,7,12,294,WNW,353,http://cdn.worldweatheronline.com/images/wsymbols01_png_64/wsymbol_0009_light_rain_showers.png,Light rain shower,4.0,0.2,67,10,5,1011,30,48,27,80,17,63,26,78,11,18,27,80,6
2021-07-29,06:09 AM,08:23 PM,11:48 PM,11:50 AM,Waning Gibbous,62,30,86,21,69,27,80,0.0,8.2,6,24,30,86,5,8,205,SSW,176,http://cdn.worldweatheronline.com/images/wsymbols01_png_64/wsymbol_0009_light_rain_showers.png,Patchy rain possible,1.4,0.1,74,8,4,1013,30,60,28,82,20,68,26,78,7,12,28,82,6
2021-07-28,06:08 AM,08:24 PM,11:25 PM,10:49 AM,Waning Gibbous,69,33,91,23,73,28,83,0.0,7.1,6,24,33,91,5,8,150,SSE,386,http://cdn.worldweatheronline.com/images/wsymbols01_png_64/wsymbol_0016_thundery_showers.png,Patchy light rain with thunder,7.1,0.3,78,8,5,1016,30,66,30,86,21,70,27,81,7,12,30,86,6
2021-07-28,06:08 AM,08:24 PM,11:25 PM,10:49 AM,Waning Gibbous,69,33,91,23,73,28,83,0.0,7.1,6,24,33,91,5,8,150,SSE,386,http://cdn.worldweatheronline.com/images/wsymbols01_png_64/wsymbol_0016_thundery_showers.png,Patchy light rain with thunder,7.1,0.3,78,8,5,1016,30,66,30,86,21,70,27,81,7,12,30,86,6
2021-07-27,06:07 AM,08:25 PM,11:00 PM,09:46 AM,Waning Gibbous,77,36,96,23,73,31,87,0.0,11.6,8,24,36,96,3,5,186,S,116,http://cdn.worldweatheronline.com/images/wsymbols01_png_64/wsymbol_0002_sunny_intervals.png,Partly cloudy,0.0,0.0,53,10,6,1015,30,13,31,87,16,62,29,85,5,9,31,87,8
2021-07-26,06:06 AM,08:25 PM,10:32 PM,08:40 AM,Waxing Gibbous,84,35,95,24,75,31,87,0.0,11.6,7,24,35,95,4,6,299,WNW,176,http://cdn.worldweatheronline.com/images/wsymbols01_png_64/wsymbol_0009_light_rain_showers.png,Patchy rain possible,0.5,0.0,64,10,6,1014,30,33,31,88,20,68,29,85,5,9,31,88,7
2021-07-25,06:05 AM,08:26 PM,10:02 PM,07:30 AM,Full Moon,100,36,96,21,69,29,84,0.0,10.5,6,24,36,96,5,8,182,S,353,http://cdn.worldweatheronline.com/images/wsymbols01_png_64/wsymbol_0009_light_rain_showers.png,Light rain shower,4.9,0.2,72,10,6,1013,30,62,29,84,20,67,27,81,7,12,29,84,6
2021-07-24,06:05 AM,08:27 PM,09:25 PM,06:18 AM,Full Moon,100,31,87,20,67,26,79,0.0,11.6,6,24,31,87,5,8,156,SSE,119,http://cdn.worldweatheronline.com/images/wsymbols01_png_64/wsymbol_0003_white_cloud.png,Cloudy,0.0,0.0,64,10,6,1017,30,32,26,79,17,63,25,77,8,12,26,79,6
2021-07-23,06:04 AM,08:28 PM,08:39 PM,05:08 AM,Waxing Gibbous,94,27,81,20,67,24,74,0.0,11.6,6,24,27,81,3,5,192,SSW,116,http://cdn.worldweatheronline.com/images/wsymbols01_png_64/wsymbol_0002_sunny_intervals.png,Partly cloudy,0.0,0.0,58,10,6,1020,30,22,24,75,14,57,23,73,5,9,24,75,6
2021-07-22,06:03 AM,08:29 PM,07:45 PM,04:03 AM,Waxing Gibbous,87,32,89,20,68,27,81,0.0,11.6,7,24,32,89,6,9,254,WSW,116,http://cdn.worldweatheronline.com/images/wsymbols01_png_64/wsymbol_0002_sunny_intervals.png,Partly cloudy,0.0,0.0,53,10,6,1018,30,10,27,80,14,57,26,79,8,13,27,80,7
2021-07-21,06:02 AM,08:29 PM,06:39 PM,03:07 AM,Waxing Gibbous,80,34,94,23,73,30,86,0.0,10.5,6,24,34,94,5,7,224,SW,122,http://cdn.worldweatheronline.com/images/wsymbols01_png_64/wsymbol_0004_black_low_cloud.png,Overcast,0.0,0.0,53,10,6,1013,30,38,29,84,17,62,28,82,7,12,29,84,6
2021-07-20,06:01 AM,08:30 PM,05:28 PM,02:19 AM,Waxing Gibbous,73,35,94,20,68,29,85,0.0,11.6,7,24,35,94,5,8,216,SW,116,http://cdn.worldweatheronline.com/images/wsymbols01_png_64/wsymbol_0002_sunny_intervals.png,Partly cloudy,0.0,0.0,62,8,4,1013,30,26,28,83,17,62,28,82,7,11,28,83,7
2021-07-19,06:01 AM,08:31 PM,04:13 PM,01:41 AM,First Quarter,65,33,91,22,72,29,84,0.0,11.6,7,24,33,91,3,5,250,WSW,116,http://cdn.worldweatheronline.com/images/wsymbols01_png_64/wsymbol_0002_sunny_intervals.png,Partly cloudy,0.0,0.0,53,10,6,1017,30,19,29,83,16,60,27,81,5,7,29,83,7
2021-07-18,06:00 AM,08:31 PM,02:59 PM,01:08 AM,First Quarter,58,29,83,21,70,25,77,0.0,14.3,7,24,29,83,6,10,221,SW,116,http://cdn.worldweatheronline.com/images/wsymbols01_png_64/wsymbol_0002_sunny_intervals.png,Partly cloudy,1.7,0.1,74,8,5,1019,30,42,25,78,19,65,24,75,8,13,25,78,7
2021-07-17,05:59 AM,08:32 PM,01:48 PM,12:38 AM,First Quarter,51,34,94,22,72,28,83,0.0,13.4,6,24,34,94,4,7,253,WSW,305,http://cdn.worldweatheronline.com/images/wsymbols01_png_64/wsymbol_0010_heavy_rain_showers.png,Heavy rain at times,15.5,0.6,75,9,5,1017,30,40,29,84,21,69,27,80,7,11,29,84,6
2021-07-16,05:58 AM,08:33 PM,12:39 PM,12:11 AM,First Quarter,43,36,97,24,74,31,88,0.0,14.5,8,24,36,97,4,6,197,SSW,116,http://cdn.worldweatheronline.com/images/wsymbols01_png_64/wsymbol_0002_sunny_intervals.png,Partly cloudy,0.0,0.0,61,10,6,1017,30,31,32,89,20,68,29,85,6,9,32,89,8
2021-07-15,05:58 AM,08:33 PM,11:32 AM,No moonset,Waxing Crescent,36,36,98,22,72,31,88,0.0,14.5,8,24,36,98,3,5,254,WSW,116,http://cdn.worldweatheronline.com/images/wsymbols01_png_64/wsymbol_0002_sunny_intervals.png,Partly cloudy,0.1,0.0,62,10,6,1019,30,20,32,89,19,67,29,85,5,8,32,89,8
2021-07-14,05:57 AM,08:34 PM,10:25 AM,11:45 PM,Waxing Crescent,29,34,92,17,62,28,82,0.0,14.5,6,24,34,92,4,6,225,SW,299,http://cdn.worldweatheronline.com/images/wsymbols01_png_64/wsymbol_0010_heavy_rain_showers.png,Moderate rain at times,3.2,0.1,73,9,5,1021,30,34,29,83,21,69,26,79,6,9,29,83,6
2021-07-13,05:56 AM,08:34 PM,09:19 AM,11:16 PM,Waxing Crescent,22,34,94,23,73,30,85,0.0,14.5,7,24,34,94,3,5,221,SW,116,http://cdn.worldweatheronline.com/images/wsymbols01_png_64/wsymbol_0002_sunny_intervals.png,Partly cloudy,0.5,0.0,74,8,4,1022,30,30,31,89,22,71,28,83,5,8,31,89,7
2021-07-12,05:56 AM,08:35 PM,08:13 AM,10:45 PM,Waxing Crescent,14,33,91,24,74,28,83,0.0,13.4,6,24,33,91,7,11,191,S,122,http://cdn.worldweatheronline.com/images/wsymbols01_png_64/wsymbol_0004_black_low_cloud.png,Overcast,0.5,0.0,72,10,6,1020,30,47,30,86,21,70,28,82,11,17,30,86,6
2021-07-11,05:55 AM,08:35 PM,07:09 AM,10:10 PM,Waxing Crescent,7,31,88,21,69,26,80,0.0,12.4,6,24,31,88,4,7,138,SE,353,http://cdn.worldweatheronline.com/images/wsymbols01_png_64/wsymbol_0009_light_rain_showers.png,Light rain shower,2.1,0.1,73,10,6,1018,30,51,28,82,20,67,25,78,7,11,28,82,6
2021-07-10,05:54 AM,08:36 PM,06:09 AM,09:30 PM,New Moon,0,31,89,22,71,27,81,0.0,14.5,6,24,31,89,5,8,231,SW,176,http://cdn.worldweatheronline.com/images/wsymbols01_png_64/wsymbol_0009_light_rain_showers.png,Patchy rain possible,0.8,0.0,68,10,6,1015,30,39,28,82,19,66,26,79,7,12,28,82,6
2021-07-09,05:54 AM,08:36 PM,05:14 AM,08:44 PM,New Moon,0,31,89,21,71,28,82,0.0,14.5,6,24,31,89,4,7,258,WSW,119,http://cdn.worldweatheronline.com/images/wsymbols01_png_64/wsymbol_0003_white_cloud.png,Cloudy,0.6,0.0,72,9,5,1012,30,61,28,83,20,68,26,79,5,9,28,83,6
2021-07-08,05:53 AM,08:36 PM,04:25 AM,07:52 PM,New Moon,0,23,73,21,69,22,71,0.0,11.4,5,24,23,73,6,9,166,SSE,308,http://cdn.worldweatheronline.com/images/wsymbols01_png_64/wsymbol_0018_cloudy_with_heavy_rain.png,Heavy rain,34.5,1.4,86,7,4,1013,30,60,25,77,20,67,23,73,8,13,23,73,5
2021-07-07,05:52 AM,08:37 PM,03:44 AM,06:56 PM,Waning Crescent,7,36,97,22,71,31,87,0.0,14.5,7,24,36,97,5,8,255,WSW,119,http://cdn.worldweatheronline.com/images/wsymbols01_png_64/wsymbol_0003_white_cloud.png,Cloudy,0.2,0.0,64,10,6,1015,30,27,32,89,19,66,30,85,7,11,32,89,7
2021-07-06,05:52 AM,08:37 PM,03:08 AM,05:58 PM,Waning Crescent,15,37,98,21,69,31,87,0.0,14.5,8,24,37,98,4,6,231,SW,116,http://cdn.worldweatheronline.com/images/wsymbols01_png_64/wsymbol_0002_sunny_intervals.png,Partly cloudy,0.6,0.0,66,10,6,1016,30,18,30,87,19,66,29,84,6,10,30,87,8
2021-07-05,05:51 AM,08:37 PM,02:38 AM,04:58 PM,Waning Crescent,22,34,93,21,69,29,84,0.0,14.5,6,24,34,93,3,4,220,SW,200,http://cdn.worldweatheronline.com/images/wsymbols01_png_64/wsymbol_0016_thundery_showers.png,Thundery outbreaks possible,0.3,0.0,66,10,6,1015,30,27,30,86,19,66,27,81,4,7,30,86,6
2021-07-04,05:51 AM,08:38 PM,02:11 AM,03:59 PM,Last Quarter,29,26,79,18,65,24,74,0.0,14.5,6,24,26,79,4,6,206,SSW,116,http://cdn.worldweatheronline.com/images/wsymbols01_png_64/wsymbol_0002_sunny_intervals.png,Partly cloudy,0.0,0.0,62,10,6,1013,30,44,23,73,15,58,22,72,6,9,23,73,6
2021-07-03,05:50 AM,08:38 PM,01:47 AM,03:00 PM,Last Quarter,36,26,79,16,60,22,72,0.0,14.5,6,24,26,79,8,12,251,WSW,116,http://cdn.worldweatheronline.com/images/wsymbols01_png_64/wsymbol_0002_sunny_intervals.png,Partly cloudy,0.8,0.0,71,10,6,1010,30,38,21,71,14,57,21,69,11,18,21,71,6
2021-07-02,05:50 AM,08:38 PM,01:23 AM,02:02 PM,Last Quarter,44,20,68,16,61,20,67,0.0,9.3,4,24,20,68,3,4,195,SSW,308,http://cdn.worldweatheronline.com/images/wsymbols01_png_64/wsymbol_0018_cloudy_with_heavy_rain.png,Heavy rain,20.8,0.8,97,4,2,1010,30,89,20,68,20,67,19,67,4,6,19,67,4
2021-07-01,05:49 AM,08:38 PM,12:59 AM,01:03 PM,Last Quarter,51,35,95,23,73,30,86,0.0,12.4,6,24,35,95,5,8,267,W,176,http://cdn.worldweatheronline.com/images/wsymbols01_png_64/wsymbol_0009_light_rain_showers.png,Patchy rain possible,2.2,0.1,66,9,5,1012,30,62,31,88,20,68,29,84,7,12,31,88,6
2021-06-30,05:49 AM,08:38 PM,12:33 AM,12:02 PM,Waning Gibbous,53,37,99,25,76,32,90,0.0,14.5,7,24,37,99,7,12,233,SW,119,http://cdn.worldweatheronline.com/images/wsymbols01_png_64/wsymbol_0003_white_cloud.png,Cloudy,0.2,0.0,52,10,6,1017,30,26,33,91,18,64,31,88,10,17,33,91,7
2021-06-29,05:48 AM,08:38 PM,12:05 AM,10:58 AM,Waning Gibbous,60,36,97,23,74,31,88,0.0,14.5,8,24,36,97,7,11,198,SSW,116,http://cdn.worldweatheronline.com/images/wsymbols01_png_64/wsymbol_0002_sunny_intervals.png,Partly cloudy,0.0,0.0,58,10,6,1021,30,14,32,90,19,65,30,86,10,16,32,90,8
2021-06-28,05:48 AM,08:38 PM,No moonrise,09:52 AM,Waning Gibbous,68,35,96,22,72,30,87,0.0,14.5,8,24,35,96,7,10,189,S,116,http://cdn.worldweatheronline.com/images/wsymbols01_png_64/wsymbol_0002_sunny_intervals.png,Partly cloudy,0.0,0.0,62,10,6,1022,30,18,31,88,19,66,29,83,10,16,31,88,8
2021-06-27,05:47 AM,08:38 PM,11:32 PM,08:42 AM,Waning Gibbous,75,33,91,22,72,28,83,0.0,14.5,7,24,33,91,7,12,183,S,116,http://cdn.worldweatheronline.com/images/wsymbols01_png_64/wsymbol_0002_sunny_intervals.png,Partly cloudy,0.0,0.0,70,10,6,1020,30,28,29,84,20,68,27,80,11,18,29,84,7
2021-06-26,05:47 AM,08:38 PM,10:51 PM,07:31 AM,Waxing Gibbous,83,30,86,20,68,26,80,0.0,12.4,6,24,30,86,7,12,162,SSE,176,http://cdn.worldweatheronline.com/images/wsymbols01_png_64/wsymbol_0009_light_rain_showers.png,Patchy rain possible,0.2,0.0,75,7,4,1022,30,58,26,79,19,66,25,77,10,17,26,79,6
2021-06-25,05:47 AM,08:38 PM,10:01 PM,06:22 AM,Full Moon,100,29,85,16,60,24,76,0.0,14.5,5,24,29,85,5,8,167,SSE,119,http://cdn.worldweatheronline.com/images/wsymbols01_png_64/wsymbol_0003_white_cloud.png,Cloudy,0.0,0.0,70,9,5,1024,30,22,23,73,16,60,23,73,7,12,23,73,5
2021-06-24,05:46 AM,08:38 PM,09:00 PM,05:20 AM,Full Moon,100,27,80,16,60,23,73,0.0,14.5,6,24,27,80,5,8,140,SE,116,http://cdn.worldweatheronline.com/images/wsymbols01_png_64/wsymbol_0002_sunny_intervals.png,Partly cloudy,0.0,0.0,63,10,6,1027,30,5,22,71,12,54,21,70,7,11,22,71,6
2021-06-24,05:46 AM,08:38 PM,09:00 PM,05:20 AM,Full Moon,100,27,80,16,60,23,73,0.0,14.5,6,24,27,80,5,8,140,SE,116,http://cdn.worldweatheronline.com/images/wsymbols01_png_64/wsymbol_0002_sunny_intervals.png,Partly cloudy,0.0,0.0,63,10,6,1027,30,5,22,71,12,54,21,70,7,11,22,71,6
2021-06-23,05:46 AM,08:38 PM,07:49 PM,04:27 AM,Waxing Gibbous,94,27,80,14,58,22,71,0.0,14.5,6,24,27,80,5,8,118,ESE,116,http://cdn.worldweatheronline.com/images/wsymbols01_png_64/wsymbol_0002_sunny_intervals.png,Partly cloudy,0.0,0.0,62,10,6,1021,30,2,21,69,11,53,20,69,7,11,20,69,6
2021-06-22,05:46 AM,08:38 PM,06:33 PM,03:44 AM,Waxing Gibbous,87,22,71,19,67,20,69,0.0,11.4,5,24,22,71,5,8,252,WSW,353,http://cdn.worldweatheronline.com/images/wsymbols01_png_64/wsymbol_0009_light_rain_showers.png,Light rain shower,2.5,0.1,85,8,4,1010,30,61,22,72,18,64,21,70,8,13,21,70,5
2021-06-21,05:46 AM,08:38 PM,05:16 PM,03:08 AM,Waxing Gibbous,79,33,92,21,70,28,83,0.0,14.5,6,24,33,92,9,15,206,SSW,119,http://cdn.worldweatheronline.com/images/wsymbols01_png_64/wsymbol_0003_white_cloud.png,Cloudy,0.7,0.0,67,10,6,1007,30,41,29,85,20,67,27,81,13,22,29,85,6
2021-06-20,05:45 AM,08:37 PM,04:01 PM,02:36 AM,Waxing Gibbous,72,32,90,22,71,28,83,0.0,13.5,7,24,32,90,5,8,213,SSW,116,http://cdn.worldweatheronline.com/images/wsymbols01_png_64/wsymbol_0002_sunny_intervals.png,Partly cloudy,0.6,0.0,69,10,6,1010,30,44,29,85,20,68,27,81,7,12,29,85,7
2021-06-19,05:45 AM,08:37 PM,02:49 PM,02:08 AM,First Quarter,64,28,83,20,69,23,74,0.0,13.5,5,24,28,83,7,11,215,SW,299,http://cdn.worldweatheronline.com/images/wsymbols01_png_64/wsymbol_0010_heavy_rain_showers.png,Moderate rain at times,7.7,0.3,74,9,5,1011,30,48,25,78,18,65,24,75,12,19,25,78,5
2021-06-18,05:45 AM,08:37 PM,01:40 PM,01:41 AM,First Quarter,57,29,85,16,61,25,76,0.0,14.5,6,24,29,85,5,8,204,SSW,116,http://cdn.worldweatheronline.com/images/wsymbols01_png_64/wsymbol_0002_sunny_intervals.png,Partly cloudy,0.0,0.0,53,10,6,1016,30,5,23,74,11,52,23,73,8,12,23,74,6
2021-06-17,05:45 AM,08:37 PM,12:32 PM,01:13 AM,First Quarter,49,25,76,15,58,21,70,0.0,14.5,6,24,25,76,6,10,293,WNW,116,http://cdn.worldweatheronline.com/images/wsymbols01_png_64/wsymbol_0002_sunny_intervals.png,Partly cloudy,0.0,0.0,51,10,6,1017,30,3,20,67,8,47,19,67,9,14,19,67,6
2021-06-16,05:45 AM,08:36 PM,11:26 AM,12:43 AM,First Quarter,42,25,77,16,62,22,71,0.0,14.5,6,24,25,77,7,11,289,WNW,116,http://cdn.worldweatheronline.com/images/wsymbols01_png_64/wsymbol_0002_sunny_intervals.png,Partly cloudy,0.0,0.0,57,10,6,1014,30,11,20,69,11,51,20,69,10,16,20,69,6
2021-06-15,05:45 AM,08:36 PM,10:20 AM,12:09 AM,Waxing Crescent,34,26,80,18,64,23,73,0.0,13.5,6,24,26,80,6,10,297,WNW,116,http://cdn.worldweatheronline.com/images/wsymbols01_png_64/wsymbol_0002_sunny_intervals.png,Partly cloudy,5.2,0.2,73,8,5,1011,30,36,23,73,16,60,22,72,10,15,23,73,6
2021-06-14,05:45 AM,08:36 PM,09:17 AM,No moonset,Waxing Crescent,26,31,87,18,65,26,79,0.0,12.4,6,24,31,87,5,8,208,SSW,353,http://cdn.worldweatheronline.com/images/wsymbols01_png_64/wsymbol_0009_light_rain_showers.png,Light rain shower,4.8,0.2,73,9,5,1009,30,53,26,79,18,64,25,77,7,12,26,79,6
2021-06-13,05:45 AM,08:35 PM,08:15 AM,11:32 PM,Waxing Crescent,19,30,85,19,65,25,77,0.0,11.4,6,24,30,85,5,8,212,SSW,293,http://cdn.worldweatheronline.com/images/wsymbols01_png_64/wsymbol_0017_cloudy_with_light_rain.png,Patchy light rain,0.9,0.0,82,6,3,1009,30,66,25,77,19,67,24,75,7,11,25,77,6
2021-06-12,05:45 AM,08:35 PM,07:19 AM,10:47 PM,Waxing Crescent,11,26,79,17,63,22,71,0.0,9.3,5,24,26,79,5,8,52,NE,248,http://cdn.worldweatheronline.com/images/wsymbols01_png_64/wsymbol_0007_fog.png,Fog,3.4,0.1,84,7,4,1011,30,89,22,71,18,64,21,70,7,11,21,70,5
2021-06-11,05:45 AM,08:34 PM,06:28 AM,09:58 PM,Waxing Crescent,4,20,68,16,61,19,66,0.0,9.3,4,24,20,68,5,7,38,NE,353,http://cdn.worldweatheronline.com/images/wsymbols01_png_64/wsymbol_0009_light_rain_showers.png,Light rain shower,3.9,0.2,98,3,2,1012,30,96,19,66,19,66,19,66,7,11,19,66,4
2021-06-10,05:45 AM,08:34 PM,05:45 AM,09:04 PM,New Moon,0,29,84,22,71,25,78,0.0,11.4,6,24,29,84,4,6,219,SW,353,http://cdn.worldweatheronline.com/images/wsymbols01_png_64/wsymbol_0009_light_rain_showers.png,Light rain shower,4.0,0.2,82,9,5,1015,30,64,27,81,21,69,25,76,6,10,27,81,6
2021-06-09,05:45 AM,08:33 PM,05:08 AM,08:06 PM,New Moon,0,32,89,20,68,27,80,0.0,9.3,6,24,32,89,4,6,209,SSW,293,http://cdn.worldweatheronline.com/images/wsymbols01_png_64/wsymbol_0017_cloudy_with_light_rain.png,Patchy light rain,5.6,0.2,81,7,4,1017,30,79,27,81,21,69,25,77,6,10,27,81,6
2021-06-08,05:45 AM,08:33 PM,04:36 AM,07:07 PM,New Moon,0,25,77,22,72,24,75,0.0,13.5,5,24,25,77,3,5,260,W,353,http://cdn.worldweatheronline.com/images/wsymbols01_png_64/wsymbol_0009_light_rain_showers.png,Light rain shower,5.9,0.2,90,8,4,1020,30,50,26,78,21,70,23,74,5,7,26,78,5
2021-06-07,05:45 AM,08:32 PM,04:08 AM,06:07 PM,Waning Crescent,4,32,90,22,72,28,82,0.0,12.4,6,24,32,90,6,9,177,S,305,http://cdn.worldweatheronline.com/images/wsymbols01_png_64/wsymbol_0010_heavy_rain_showers.png,Heavy rain at times,11.2,0.4,75,8,4,1019,30,62,29,84,20,69,27,80,8,13,29,84,6
2021-06-06,05:46 AM,08:32 PM,03:43 AM,05:09 PM,Waning Crescent,11,35,95,21,70,30,86,0.0,14.5,7,24,35,95,3,6,194,SSW,116,http://cdn.worldweatheronline.com/images/wsymbols01_png_64/wsymbol_0002_sunny_intervals.png,Partly cloudy,0.0,0.0,61,10,6,1016,30,12,30,85,18,64,28,83,6,10,30,85,7
2021-06-05,05:46 AM,08:31 PM,03:19 AM,04:10 PM,Waning Crescent,19,31,89,18,65,27,80,0.0,14.5,7,24,31,89,4,6,253,WSW,116,http://cdn.worldweatheronline.com/images/wsymbols01_png_64/wsymbol_0002_sunny_intervals.png,Partly cloudy,0.0,0.0,67,10,6,1016,30,12,25,78,17,62,25,76,6,9,25,78,7
2021-06-04,05:46 AM,08:30 PM,02:56 AM,03:12 PM,Last Quarter,26,28,83,15,58,25,76,0.0,12.4,5,24,28,83,5,8,212,SSW,353,http://cdn.worldweatheronline.com/images/wsymbols01_png_64/wsymbol_0009_light_rain_showers.png,Light rain shower,1.0,0.0,77,10,6,1015,30,60,23,74,18,64,22,72,8,12,23,74,5
2021-06-03,05:46 AM,08:30 PM,02:32 AM,02:13 PM,Last Quarter,34,27,80,15,58,22,72,0.0,10.3,5,24,27,80,8,13,187,S,293,http://cdn.worldweatheronline.com/images/wsymbols01_png_64/wsymbol_0017_cloudy_with_light_rain.png,Patchy light rain,2.3,0.1,82,9,5,1016,30,73,21,70,18,64,20,68,12,19,21,70,5
2021-06-02,05:47 AM,08:29 PM,02:06 AM,01:12 PM,Last Quarter,41,27,81,16,61,22,72,0.0,13.5,6,24,27,81,6,9,166,SSE,116,http://cdn.worldweatheronline.com/images/wsymbols01_png_64/wsymbol_0002_sunny_intervals.png,Partly cloudy,0.4,0.0,71,10,6,1022,30,50,22,72,14,58,21,70,9,14,22,72,6
2021-06-01,05:47 AM,08:29 PM,01:36 AM,12:08 PM,Waning Gibbous,49,26,79,12,54,21,70,0.0,14.5,6,24,26,79,5,7,183,S,116,http://cdn.worldweatheronline.com/images/wsymbols01_png_64/wsymbol_0002_sunny_intervals.png,Partly cloudy,0.0,0.0,71,9,5,1025,30,28,21,70,13,55,19,67,7,11,19,67,6
2021-05-31,05:47 AM,08:28 PM,01:00 AM,11:02 AM,Waning Gibbous,65,23,73,8,46,18,64,0.0,14.5,5,24,23,73,6,9,276,W,116,http://cdn.worldweatheronline.com/images/wsymbols01_png_64/wsymbol_0002_sunny_intervals.png,Partly cloudy,0.0,0.0,67,9,5,1024,30,18,16,62,8,46,15,59,9,14,15,59,5
2021-05-30,05:48 AM,08:27 PM,12:15 AM,09:53 AM,Waning Gibbous,69,11,53,9,48,11,51,0.0,9.2,3,24,11,53,8,12,111,ESE,266,http://cdn.worldweatheronline.com/images/wsymbols01_png_64/wsymbol_0017_cloudy_with_light_rain.png,Light drizzle,1.3,0.1,87,7,4,1022,30,95,10,51,8,47,8,47,11,17,8,47,3
2021-05-29,05:48 AM,08:26 PM,No moonrise,08:44 AM,Waning Gibbous,76,13,55,11,51,12,53,0.0,9.2,3,24,13,55,7,12,30,NNE,353,http://cdn.worldweatheronline.com/images/wsymbols01_png_64/wsymbol_0009_light_rain_showers.png,Light rain shower,8.9,0.4,97,8,4,1013,30,100,13,55,12,54,12,53,11,18,12,53,3
2021-05-28,05:49 AM,08:26 PM,11:21 PM,07:39 AM,Waxing Gibbous,83,22,72,17,63,20,68,0.0,9.2,4,24,22,72,5,7,89,E,356,http://cdn.worldweatheronline.com/images/wsymbols01_png_64/wsymbol_0010_heavy_rain_showers.png,Moderate or heavy rain shower,5.8,0.2,79,8,5,1014,30,83,20,68,15,60,20,67,7,11,20,67,4
2021-05-27,05:49 AM,08:25 PM,10:15 PM,06:42 AM,Full Moon,100,27,80,20,67,24,75,0.0,9.2,5,24,27,80,5,8,254,WSW,176,http://cdn.worldweatheronline.com/images/wsymbols01_png_64/wsymbol_0009_light_rain_showers.png,Patchy rain possible,1.7,0.1,75,9,5,1016,30,77,24,74,18,64,23,73,7,12,24,74,5
2021-05-26,05:50 AM,08:24 PM,09:01 PM,05:54 AM,Full Moon,100,32,89,20,68,27,80,0.0,13.4,6,24,32,89,5,8,229,SW,176,http://cdn.worldweatheronline.com/images/wsymbols01_png_64/wsymbol_0009_light_rain_showers.png,Patchy rain possible,0.8,0.0,73,9,5,1018,30,52,26,79,19,66,25,77,8,13,26,79,6
2021-05-25,05:50 AM,08:23 PM,07:43 PM,05:13 AM,Waxing Gibbous,95,30,86,15,58,24,74,0.0,12.4,5,24,30,86,6,10,171,S,119,http://cdn.worldweatheronline.com/images/wsymbols01_png_64/wsymbol_0003_white_cloud.png,Cloudy,0.0,0.0,72,9,5,1022,30,66,23,73,15,59,22,71,9,14,23,73,5
2021-05-24,05:51 AM,08:23 PM,06:24 PM,04:38 AM,Waxing Gibbous,88,22,71,18,65,20,68,0.0,9.2,5,24,22,71,6,10,98,E,176,http://cdn.worldweatheronline.com/images/wsymbols01_png_64/wsymbol_0009_light_rain_showers.png,Patchy rain possible,0.2,0.0,73,10,6,1021,30,85,22,71,15,60,20,69,9,15,20,69,5
2021-05-23,05:52 AM,08:22 PM,05:09 PM,04:08 AM,Waxing Gibbous,80,30,85,20,67,25,78,0.0,13.4,6,24,30,85,8,13,325,NW,122,http://cdn.worldweatheronline.com/images/wsymbols01_png_64/wsymbol_0004_black_low_cloud.png,Overcast,0.0,0.0,62,10,6,1017,30,35,26,79,16,61,24,76,12,19,26,79,6
2021-05-22,05:52 AM,08:21 PM,03:56 PM,03:39 AM,Waxing Gibbous,73,29,84,16,61,25,76,0.0,14.5,6,24,29,84,5,8,246,WSW,116,http://cdn.worldweatheronline.com/images/wsymbols01_png_64/wsymbol_0002_sunny_intervals.png,Partly cloudy,0.1,0.0,66,10,6,1023,30,32,24,75,15,59,23,74,7,12,24,75,6
2021-05-21,05:53 AM,08:20 PM,02:45 PM,03:11 AM,First Quarter,66,29,84,14,57,23,74,0.0,14.5,6,24,29,84,4,6,164,SSE,116,http://cdn.worldweatheronline.com/images/wsymbols01_png_64/wsymbol_0002_sunny_intervals.png,Partly cloudy,0.0,0.0,58,10,6,1030,30,19,23,73,11,52,22,72,6,9,23,73,6
2021-05-21,05:53 AM,08:20 PM,02:45 PM,03:11 AM,First Quarter,66,29,84,14,57,23,74,0.0,14.5,6,24,29,84,4,6,164,SSE,116,http://cdn.worldweatheronline.com/images/wsymbols01_png_64/wsymbol_0002_sunny_intervals.png,Partly cloudy,0.0,0.0,58,10,6,1030,30,19,23,73,11,52,22,72,6,9,23,73,6
2021-05-20,05:54 AM,08:19 PM,01:37 PM,02:40 AM,First Quarter,58,31,88,17,63,26,80,0.0,14.5,7,24,31,88,3,5,184,S,116,http://cdn.worldweatheronline.com/images/wsymbols01_png_64/wsymbol_0002_sunny_intervals.png,Partly cloudy,0.0,0.0,60,10,6,1028,30,14,26,78,14,58,25,77,5,8,26,78,7
2021-05-19,05:54 AM,08:18 PM,12:29 PM,02:08 AM,First Quarter,51,29,84,15,60,24,75,0.0,14.5,6,24,29,84,3,5,185,S,116,http://cdn.worldweatheronline.com/images/wsymbols01_png_64/wsymbol_0002_sunny_intervals.png,Partly cloudy,0.0,0.0,66,10,6,1026,30,13,22,72,14,57,22,72,5,8,22,72,6
2021-05-18,05:55 AM,08:18 PM,11:24 AM,01:31 AM,First Quarter,44,26,79,13,55,21,71,0.0,14.5,6,24,26,79,3,4,185,S,116,http://cdn.worldweatheronline.com/images/wsymbols01_png_64/wsymbol_0002_sunny_intervals.png,Partly cloudy,0.0,0.0,68,9,5,1027,30,12,20,68,12,53,20,67,4,7,20,67,6
2021-05-17,05:56 AM,08:17 PM,10:21 AM,12:49 AM,Waxing Crescent,37,18,65,12,53,16,60,0.0,9.1,4,24,18,65,3,5,72,ENE,353,http://cdn.worldweatheronline.com/images/wsymbols01_png_64/wsymbol_0009_light_rain_showers.png,Light rain shower,0.6,0.0,86,6,3,1025,30,92,14,58,12,53,15,58,5,7,15,58,4
2021-05-16,05:57 AM,08:16 PM,09:23 AM,12:02 AM,Waxing Crescent,29,14,57,11,52,13,56,0.0,10.2,3,24,14,57,3,6,198,SSW,302,http://cdn.worldweatheronline.com/images/wsymbols01_png_64/wsymbol_0018_cloudy_with_heavy_rain.png,Moderate rain,5.1,0.2,90,7,4,1025,30,81,14,57,11,53,13,56,6,9,13,56,3
2021-05-15,05:58 AM,08:15 PM,08:31 AM,No moonset,Waxing Crescent,22,23,73,10,51,19,65,0.0,14.5,5,24,23,73,4,6,228,SW,116,http://cdn.worldweatheronline.com/images/wsymbols01_png_64/wsymbol_0002_sunny_intervals.png,Partly cloudy,0.0,0.0,59,10,6,1025,30,20,17,63,7,44,16,61,6,10,16,61,5
2021-05-14,05:58 AM,08:14 PM,07:46 AM,11:09 PM,Waxing Crescent,15,19,67,11,51,17,62,0.0,12.3,4,24,19,67,3,5,224,SW,176,http://cdn.worldweatheronline.com/images/wsymbols01_png_64/wsymbol_0009_light_rain_showers.png,Patchy rain possible,0.1,0.0,59,10,6,1025,30,64,16,60,6,43,15,59,5,8,15,59,4
2021-05-13,05:59 AM,08:13 PM,07:07 AM,10:12 PM,Waxing Crescent,8,19,67,8,46,15,59,0.0,14.5,5,24,19,67,6,9,299,WNW,116,http://cdn.worldweatheronline.com/images/wsymbols01_png_64/wsymbol_0002_sunny_intervals.png,Partly cloudy,0.0,0.0,54,10,6,1026,30,11,14,57,3,38,13,55,9,14,13,55,5
2021-05-12,06:00 AM,08:12 PM,06:33 AM,09:14 PM,Waxing Crescent,0,17,63,7,44,13,55,0.0,14.1,4,24,17,63,6,10,333,NNW,116,http://cdn.worldweatheronline.com/images/wsymbols01_png_64/wsymbol_0002_sunny_intervals.png,Partly cloudy,0.0,0.0,51,10,6,1025,30,15,12,54,2,36,11,53,8,13,11,53,4
2021-05-11,06:01 AM,08:11 PM,06:04 AM,08:14 PM,New Moon,0,17,62,9,48,14,58,0.0,11.6,3,24,17,62,7,11,329,NNW,119,http://cdn.worldweatheronline.com/images/wsymbols01_png_64/wsymbol_0003_white_cloud.png,Cloudy,0.0,0.0,54,10,6,1020,30,21,13,56,3,38,12,54,11,17,12,54,3
2021-05-10,06:02 AM,08:10 PM,05:38 AM,07:15 PM,New Moon,0,20,69,12,54,19,65,0.0,10.5,4,24,20,69,12,19,273,W,176,http://cdn.worldweatheronline.com/images/wsymbols01_png_64/wsymbol_0009_light_rain_showers.png,Patchy rain possible,0.2,0.0,59,10,6,1011,30,38,18,64,10,50,17,63,18,30,17,63,4
2021-05-09,06:03 AM,08:10 PM,05:14 AM,06:16 PM,Waning Crescent,7,22,72,7,44,14,58,0.0,10.5,3,24,22,72,8,13,225,SW,119,http://cdn.worldweatheronline.com/images/wsymbols01_png_64/wsymbol_0003_white_cloud.png,Cloudy,0.0,0.0,60,10,6,1016,30,35,14,57,5,42,13,55,12,20,13,55,3
2021-05-08,06:04 AM,08:09 PM,04:51 AM,05:19 PM,Waning Crescent,14,14,57,6,43,11,52,0.0,10.5,3,24,14,57,9,14,301,WNW,122,http://cdn.worldweatheronline.com/images/wsymbols01_png_64/wsymbol_0004_black_low_cloud.png,Overcast,0.0,0.0,67,10,6,1014,30,24,10,50,3,38,8,47,12,19,8,47,3
2021-05-07,06:05 AM,08:08 PM,04:27 AM,04:20 PM,Waning Crescent,21,17,62,5,41,12,54,0.0,8.2,3,24,17,62,5,7,240,WSW,302,http://cdn.worldweatheronline.com/images/wsymbols01_png_64/wsymbol_0018_cloudy_with_heavy_rain.png,Moderate rain,4.8,0.2,73,8,5,1013,30,51,11,52,5,42,10,50,7,11,10,50,3
2021-05-06,06:06 AM,08:07 PM,04:02 AM,03:21 PM,Last Quarter,29,17,62,8,47,13,55,0.0,9.3,3,24,17,62,6,10,241,WSW,122,http://cdn.worldweatheronline.com/images/wsymbols01_png_64/wsymbol_0004_black_low_cloud.png,Overcast,0.0,0.0,56,10,6,1018,30,35,12,53,3,37,11,51,9,14,11,51,3
2021-05-05,06:07 AM,08:06 PM,03:35 AM,02:19 PM,Last Quarter,36,19,66,12,54,18,64,0.0,9.3,4,24,19,66,9,15,277,W,353,http://cdn.worldweatheronline.com/images/wsymbols01_png_64/wsymbol_0009_light_rain_showers.png,Light rain shower,2.9,0.1,79,8,4,1010,30,61,18,64,14,56,17,63,14,22,17,63,4
2021-05-04,06:08 AM,08:05 PM,03:02 AM,01:15 PM,Last Quarter,43,29,85,19,66,25,77,0.0,10.4,5,24,29,85,7,11,228,SW,200,http://cdn.worldweatheronline.com/images/wsymbols01_png_64/wsymbol_0016_thundery_showers.png,Thundery outbreaks possible,1.4,0.1,79,10,6,1007,30,47,24,75,19,66,23,74,10,16,24,75,5
2021-05-03,06:09 AM,08:04 PM,02:22 AM,12:09 PM,Last Quarter,50,21,70,17,62,18,65,0.0,7.0,4,24,21,70,6,10,214,SW,353,http://cdn.worldweatheronline.com/images/wsymbols01_png_64/wsymbol_0009_light_rain_showers.png,Light rain shower,6.8,0.3,86,9,5,1009,30,68,18,65,16,60,18,64,10,17,18,64,4
2021-05-02,06:11 AM,08:03 PM,01:35 AM,11:02 AM,Waning Gibbous,58,27,80,11,51,21,70,0.0,11.6,6,24,27,80,7,11,225,SW,116,http://cdn.worldweatheronline.com/images/wsymbols01_png_64/wsymbol_0002_sunny_intervals.png,Partly cloudy,0.0,0.0,50,10,6,1012,30,9,20,68,7,45,19,66,11,18,19,66,6
2021-05-01,06:12 AM,08:02 PM,12:36 AM,09:57 AM,Waning Gibbous,65,19,66,7,44,13,56,0.0,10.4,3,24,19,66,10,17,291,WNW,122,http://cdn.worldweatheronline.com/images/wsymbols01_png_64/wsymbol_0004_black_low_cloud.png,Overcast,0.0,0.0,40,10,6,1018,30,18,13,56,-2,29,11,52,15,25,11,52,3
2021-04-30,06:13 AM,08:01 PM,No moonrise,08:58 AM,Waning Gibbous,67,20,68,16,60,18,65,0.0,9.3,4,24,20,68,10,16,278,W,293,http://cdn.worldweatheronline.com/images/wsymbols01_png_64/wsymbol_0017_cloudy_with_light_rain.png,Patchy light rain,3.2,0.1,70,9,5,1006,30,53,19,66,12,54,19,65,16,25,19,65,4
2021-04-29,06:14 AM,08:00 PM,11:28 PM,08:06 AM,Waning Gibbous,75,28,83,19,65,24,75,0.0,11.6,6,24,28,83,8,13,215,SW,116,http://cdn.worldweatheronline.com/images/wsymbols01_png_64/wsymbol_0002_sunny_intervals.png,Partly cloudy,0.2,0.0,68,10,6,1009,30,47,24,74,16,61,23,73,12,20,24,74,6
2021-04-28,06:15 AM,07:59 PM,10:12 PM,07:22 AM,Waxing Gibbous,83,29,85,17,63,25,76,0.0,10.4,5,24,29,85,7,11,234,SW,119,http://cdn.worldweatheronline.com/images/wsymbols01_png_64/wsymbol_0003_white_cloud.png,Cloudy,0.0,0.0,66,10,6,1015,30,30,24,74,15,59,23,74,11,18,24,74,5
2021-04-27,06:17 AM,07:58 PM,08:54 PM,06:44 AM,Full Moon,100,25,78,10,50,19,67,0.0,11.6,5,24,25,78,4,6,181,S,116,http://cdn.worldweatheronline.com/images/wsymbols01_png_64/wsymbol_0002_sunny_intervals.png,Partly cloudy,0.0,0.0,61,10,6,1020,30,7,18,64,9,48,17,63,6,9,17,63,5
2021-04-26,06:18 AM,07:57 PM,07:36 PM,06:11 AM,Full Moon,100,18,64,5,41,13,55,0.0,11.6,4,24,18,64,7,11,296,WNW,116,http://cdn.worldweatheronline.com/images/wsymbols01_png_64/wsymbol_0002_sunny_intervals.png,Partly cloudy,0.0,0.0,52,10,6,1022,30,7,11,52,1,34,10,50,10,16,10,50,4
2021-04-25,06:19 AM,07:56 PM,06:20 PM,05:41 AM,Waxing Gibbous,95,18,65,9,48,15,60,0.0,10.4,4,24,18,65,12,20,276,W,122,http://cdn.worldweatheronline.com/images/wsymbols01_png_64/wsymbol_0004_black_low_cloud.png,Overcast,4.5,0.2,73,8,5,1008,30,67,15,59,9,48,13,56,17,28,13,56,4
2021-04-24,06:20 AM,07:56 PM,05:07 PM,05:11 AM,Waxing Gibbous,87,18,64,7,44,13,55,0.0,10.4,3,24,18,64,5,8,156,SSE,296,http://cdn.worldweatheronline.com/images/wsymbols01_png_64/wsymbol_0017_cloudy_with_light_rain.png,Light rain,4.0,0.2,67,9,5,1017,30,41,11,52,5,41,11,52,7,12,11,52,3
2021-04-23,06:22 AM,07:55 PM,03:55 PM,04:41 AM,Waxing Gibbous,80,16,62,4,39,11,53,0.0,11.6,4,24,16,62,6,10,261,W,116,http://cdn.worldweatheronline.com/images/wsymbols01_png_64/wsymbol_0002_sunny_intervals.png,Partly cloudy,0.0,0.0,53,10,6,1021,30,9,10,49,-0,31,8,47,9,14,8,47,4
2021-04-22,06:23 AM,07:54 PM,02:44 PM,04:08 AM,Waxing Gibbous,72,12,54,2,35,8,47,0.0,10.4,2,24,12,54,10,16,286,WNW,122,http://cdn.worldweatheronline.com/images/wsymbols01_png_64/wsymbol_0004_black_low_cloud.png,Overcast,0.0,0.0,49,10,6,1018,30,28,7,45,-4,25,5,40,14,22,5,40,2
2021-04-21,06:24 AM,07:53 PM,01:36 PM,03:32 AM,First Quarter,65,13,55,6,42,12,53,0.0,9.1,3,24,13,55,12,20,253,WSW,353,http://cdn.worldweatheronline.com/images/wsymbols01_png_64/wsymbol_0009_light_rain_showers.png,Light rain shower,0.2,0.0,60,10,6,1011,30,38,11,52,3,38,9,48,17,28,9,48,3
2021-04-20,06:26 AM,07:52 PM,12:31 PM,02:51 AM,First Quarter,57,21,71,10,50,17,63,0.0,11.6,5,24,21,71,5,8,223,SW,116,http://cdn.worldweatheronline.com/images/wsymbols01_png_64/wsymbol_0002_sunny_intervals.png,Partly cloudy,0.0,0.0,57,10,6,1015,30,16,16,61,6,43,15,60,7,12,15,60,5
2021-04-19,06:27 AM,07:51 PM,11:30 AM,02:05 AM,First Quarter,50,16,60,9,48,12,54,0.0,7.9,3,24,16,60,3,4,120,ESE,266,http://cdn.worldweatheronline.com/images/wsymbols01_png_64/wsymbol_0017_cloudy_with_light_rain.png,Light drizzle,3.6,0.1,76,6,3,1014,30,84,12,53,7,45,12,53,4,6,12,53,3
2021-04-18,06:29 AM,07:50 PM,10:35 AM,01:14 AM,First Quarter,42,14,57,9,48,12,54,0.0,7.9,3,24,14,57,4,6,292,WNW,353,http://cdn.worldweatheronline.com/images/wsymbols01_png_64/wsymbol_0009_light_rain_showers.png,Light rain shower,3.1,0.1,74,7,4,1012,30,81,11,52,7,44,11,52,5,8,11,52,3
2021-04-17,06:30 AM,07:49 PM,09:48 AM,12:18 AM,Waxing Crescent,34,12,54,7,44,10,50,0.0,6.6,2,24,12,54,7,11,269,W,122,http://cdn.worldweatheronline.com/images/wsymbols01_png_64/wsymbol_0004_black_low_cloud.png,Overcast,0.0,0.0,68,10,6,1011,30,73,9,48,3,38,7,45,10,16,7,45,2
2021-04-17,06:30 AM,07:49 PM,09:48 AM,12:18 AM,Waxing Crescent,34,12,54,7,44,10,50,0.0,6.6,2,24,12,54,7,11,269,W,122,http://cdn.worldweatheronline.com/images/wsymbols01_png_64/wsymbol_0004_black_low_cloud.png,Overcast,0.0,0.0,68,10,6,1011,30,73,9,48,3,38,7,45,10,16,7,45,2
2021-04-16,06:31 AM,07:48 PM,09:06 AM,No moonset,Waxing Crescent,27,13,55,6,42,10,50,0.0,10.3,3,24,13,55,10,16,302,WNW,119,http://cdn.worldweatheronline.com/images/wsymbols01_png_64/wsymbol_0003_white_cloud.png,Cloudy,0.0,0.0,61,10,6,1010,30,34,9,48,2,35,7,44,14,22,7,44,3
2021-04-15,06:33 AM,07:47 PM,08:31 AM,11:20 PM,Waxing Crescent,19,15,60,7,45,14,57,0.0,7.8,3,24,15,60,7,11,281,W,353,http://cdn.worldweatheronline.com/images/wsymbols01_png_64/wsymbol_0009_light_rain_showers.png,Light rain shower,3.0,0.1,73,7,4,1008,30,66,13,55,7,45,12,54,10,16,12,54,3
2021-04-14,06:34 AM,07:46 PM,08:01 AM,10:21 PM,Waxing Crescent,12,11,51,9,48,10,51,0.0,6.6,3,24,11,51,4,6,184,S,302,http://cdn.worldweatheronline.com/images/wsymbols01_png_64/wsymbol_0018_cloudy_with_heavy_rain.png,Moderate rain,7.6,0.3,95,7,4,1016,30,78,10,50,9,49,10,49,6,10,10,49,3
2021-04-13,06:36 AM,07:45 PM,07:34 AM,09:22 PM,Waxing Crescent,4,19,65,11,52,16,60,0.0,11.6,5,24,19,65,7,11,236,WSW,116,http://cdn.worldweatheronline.com/images/wsymbols01_png_64/wsymbol_0002_sunny_intervals.png,Partly cloudy,0.0,0.0,60,10,6,1010,30,24,15,59,6,42,14,58,10,16,14,58,5
2021-04-12,06:37 AM,07:44 PM,07:09 AM,08:23 PM,New Moon,0,19,66,13,55,16,61,0.0,10.3,4,24,19,66,6,9,304,NW,122,http://cdn.worldweatheronline.com/images/wsymbols01_png_64/wsymbol_0004_black_low_cloud.png,Overcast,0.1,0.0,66,10,6,1007,30,42,16,60,9,48,15,60,9,14,15,60,4
2021-04-11,06:39 AM,07:43 PM,06:45 AM,07:25 PM,New Moon,0,24,74,17,62,20,68,0.0,10.3,5,24,24,74,7,12,230,SW,356,http://cdn.worldweatheronline.com/images/wsymbols01_png_64/wsymbol_0010_heavy_rain_showers.png,Moderate or heavy rain shower,4.5,0.2,81,7,4,1001,30,67,21,69,15,59,19,66,12,19,19,66,5
2021-04-10,06:40 AM,07:42 PM,06:21 AM,06:26 PM,New Moon,0,20,68,11,51,16,60,0.0,6.5,4,24,20,68,5,8,132,SE,176,http://cdn.worldweatheronline.com/images/wsymbols01_png_64/wsymbol_0009_light_rain_showers.png,Patchy rain possible,0.5,0.0,88,8,4,1013,30,92,15,58,13,55,14,58,7,12,14,58,4
2021-04-09,06:42 AM,07:41 PM,05:57 AM,05:27 PM,Waning Crescent,3,15,58,9,49,12,53,0.0,6.5,3,24,15,58,6,10,126,SE,143,http://cdn.worldweatheronline.com/images/wsymbols01_png_64/wsymbol_0006_mist.png,Mist,5.4,0.2,86,8,5,1020,30,95,11,53,9,48,10,51,9,15,10,51,3
2021-04-08,06:43 AM,07:40 PM,05:30 AM,04:25 PM,Waning Crescent,11,17,63,11,51,14,57,0.0,7.8,3,24,17,63,8,13,123,ESE,122,http://cdn.worldweatheronline.com/images/wsymbols01_png_64/wsymbol_0004_black_low_cloud.png,Overcast,0.8,0.0,77,10,6,1018,30,84,14,56,9,48,12,54,11,18,12,54,3
2021-04-07,06:45 AM,07:39 PM,04:59 AM,03:23 PM,Waning Crescent,18,13,56,11,52,12,54,0.0,6.5,3,24,13,56,4,6,146,SSE,266,http://cdn.worldweatheronline.com/images/wsymbols01_png_64/wsymbol_0017_cloudy_with_light_rain.png,Light drizzle,4.3,0.2,95,4,2,1015,30,92,12,54,11,53,12,54,5,9,12,54,3
2021-04-06,06:46 AM,07:38 PM,04:23 AM,02:18 PM,Last Quarter,26,19,66,11,53,16,60,0.0,7.7,4,24,19,66,2,3,171,S,176,http://cdn.worldweatheronline.com/images/wsymbols01_png_64/wsymbol_0009_light_rain_showers.png,Patchy rain possible,0.2,0.0,72,10,6,1015,30,70,15,58,9,49,15,58,3,5,15,58,4
2021-04-05,06:48 AM,07:38 PM,03:39 AM,01:13 PM,Last Quarter,33,19,67,9,47,15,59,0.0,11.6,4,24,19,67,5,8,287,WNW,116,http://cdn.worldweatheronline.com/images/wsymbols01_png_64/wsymbol_0002_sunny_intervals.png,Partly cloudy,0.0,0.0,69,10,6,1020,30,25,14,57,7,45,13,56,7,11,13,56,4
2021-04-04,06:49 AM,07:37 PM,02:46 AM,12:09 PM,Last Quarter,41,17,62,4,38,11,52,0.0,9.0,3,24,17,62,5,8,274,W,119,http://cdn.worldweatheronline.com/images/wsymbols01_png_64/wsymbol_0003_white_cloud.png,Cloudy,0.0,0.0,61,10,6,1022,30,45,10,50,2,36,9,48,8,13,9,48,3
2021-04-03,06:51 AM,07:36 PM,01:44 AM,11:09 AM,Waning Gibbous,48,12,54,-0,31,7,45,0.0,11.6,3,24,12,54,6,10,283,WNW,116,http://cdn.worldweatheronline.com/images/wsymbols01_png_64/wsymbol_0002_sunny_intervals.png,Partly cloudy,0.0,0.0,45,10,6,1028,30,20,5,42,-6,21,3,38,9,15,3,38,3
2021-04-02,06:52 AM,07:35 PM,12:34 AM,10:16 AM,Waning Gibbous,56,6,43,-2,29,3,37,0.0,10.3,1,24,6,43,13,21,321,NW,122,http://cdn.worldweatheronline.com/images/wsymbols01_png_64/wsymbol_0004_black_low_cloud.png,Overcast,0.0,0.0,46,10,6,1023,30,35,2,35,-9,16,-3,26,18,28,-3,26,1
2021-04-01,06:54 AM,07:34 PM,No moonrise,09:30 AM,Waning Gibbous,63,7,44,1,35,5,42,0.0,6.4,2,24,7,44,14,22,320,NW,179,http://cdn.worldweatheronline.com/images/wsymbols01_png_64/wsymbol_0013_sleet_showers.png,Patchy snow possible,4.2,0.2,75,9,5,1014,30,88,6,42,1,34,2,35,18,30,2,35,2
2021-03-31,06:56 AM,07:33 PM,11:20 PM,08:51 AM,Waning Gibbous,79,15,59,11,51,14,57,0.0,6.4,3,24,15,59,7,12,182,S,308,http://cdn.worldweatheronline.com/images/wsymbols01_png_64/wsymbol_0018_cloudy_with_heavy_rain.png,Heavy rain,13.4,0.5,93,6,3,1018,30,70,13,56,12,54,12,54,12,19,12,54,3
2021-03-30,06:57 AM,07:32 PM,10:03 PM,08:16 AM,Waxing Gibbous,83,19,65,7,44,13,56,0.0,11.6,4,24,19,65,7,12,176,S,113,http://cdn.worldweatheronline.com/images/wsymbols01_png_64/wsymbol_0001_sunny.png,Sunny,0.0,0.0,58,10,6,1026,30,0,12,54,4,39,12,53,10,16,12,53,4
2021-03-29,06:59 AM,07:31 PM,08:48 PM,07:45 AM,Full Moon,100,14,57,5,41,9,49,0.0,11.6,3,24,14,57,11,17,261,W,113,http://cdn.worldweatheronline.com/images/wsymbols01_png_64/wsymbol_0001_sunny.png,Sunny,0.0,0.0,48,10,6,1020,30,2,10,49,-2,29,7,45,15,24,7,45,3
2021-03-28,07:00 AM,07:30 PM,07:34 PM,07:15 AM,Full Moon,100,19,67,8,47,15,58,0.0,10.2,3,24,19,67,6,10,155,SSE,122,http://cdn.worldweatheronline.com/images/wsymbols01_png_64/wsymbol_0004_black_low_cloud.png,Overcast,0.6,0.0,68,10,6,1012,30,36,14,56,8,46,13,56,9,15,13,56,3
2021-03-27,07:02 AM,07:29 PM,06:20 PM,06:44 AM,Waxing Gibbous,95,20,69,9,48,15,59,0.0,11.6,4,24,20,69,6,9,167,SSE,116,http://cdn.worldweatheronline.com/images/wsymbols01_png_64/wsymbol_0002_sunny_intervals.png,Partly cloudy,0.0,0.0,51,10,6,1020,30,19,15,59,3,38,14,57,8,13,14,57,4
2021-03-26,07:03 AM,07:28 PM,05:08 PM,06:12 AM,Waxing Gibbous,88,23,74,16,60,21,70,0.0,10.2,5,24,23,74,11,18,240,WSW,176,http://cdn.worldweatheronline.com/images/wsymbols01_png_64/wsymbol_0009_light_rain_showers.png,Patchy rain possible,0.8,0.0,65,9,5,1012,30,52,21,70,12,53,20,67,17,28,20,67,5
2021-03-25,07:05 AM,07:27 PM,03:57 PM,05:37 AM,Waxing Gibbous,81,20,68,9,49,16,60,0.0,6.1,4,24,20,68,7,11,172,S,176,http://cdn.worldweatheronline.com/images/wsymbols01_png_64/wsymbol_0009_light_rain_showers.png,Patchy rain possible,0.3,0.0,82,7,4,1019,30,66,14,58,11,52,14,57,11,18,14,57,4
2021-03-24,07:07 AM,07:26 PM,02:48 PM,04:56 AM,Waxing Gibbous,73,13,55,9,48,11,52,0.0,6.1,3,24,13,55,4,7,105,ESE,296,http://cdn.worldweatheronline.com/images/wsymbols01_png_64/wsymbol_0017_cloudy_with_light_rain.png,Light rain,2.1,0.1,95,5,3,1021,30,94,11,51,10,50,10,50,6,10,10,50,3
2021-03-23,07:08 AM,07:25 PM,01:43 PM,04:11 AM,Waxing Gibbous,66,16,61,6,43,12,53,0.0,8.8,3,24,16,61,4,7,78,ENE,122,http://cdn.worldweatheronline.com/images/wsymbols01_png_64/wsymbol_0004_black_low_cloud.png,Overcast,0.0,0.0,78,9,5,1025,30,42,11,51,7,44,10,51,6,10,10,51,3
2021-03-22,07:10 AM,07:24 PM,12:44 PM,03:21 AM,First Quarter,59,18,65,6,44,13,55,0.0,11.6,4,24,18,65,3,5,91,E,116,http://cdn.worldweatheronline.com/images/wsymbols01_png_64/wsymbol_0002_sunny_intervals.png,Partly cloudy,0.0,0.0,60,10,6,1030,30,1,12,53,3,38,12,53,4,7,12,53,4
2021-03-21,07:11 AM,07:23 PM,11:53 AM,02:25 AM,First Quarter,52,17,63,6,42,12,54,0.0,11.6,4,24,17,63,4,6,194,SSW,113,http://cdn.worldweatheronline.com/images/wsymbols01_png_64/wsymbol_0001_sunny.png,Sunny,0.0,0.0,52,10,6,1034,31,0,11,52,1,33,11,51,4,7,11,51,4
2021-03-20,07:13 AM,07:22 PM,11:09 AM,01:28 AM,First Quarter,44,15,58,1,35,9,48,0.0,11.6,3,24,15,58,5,8,132,SE,113,http://cdn.worldweatheronline.com/images/wsymbols01_png_64/wsymbol_0001_sunny.png,Sunny,0.0,0.0,48,10,6,1034,31,0,9,47,-4,25,7,44,6,9,7,44,3
2021-03-19,07:14 AM,07:21 PM,10:31 AM,12:29 AM,Waxing Crescent,37,7,45,3,37,5,41,1.2,8.8,2,24,7,45,13,20,25,NNE,338,http://cdn.worldweatheronline.com/images/wsymbols01_png_64/wsymbol_0020_cloudy_with_heavy_snow.png,Heavy snow,6.0,0.2,74,8,4,1014,30,69,7,44,2,35,3,37,18,28,3,37,2
2021-03-18,07:16 AM,07:20 PM,10:00 AM,No moonset,Waxing Crescent,30,14,57,9,48,11,53,0.0,6.0,3,24,14,57,7,12,139,SE,308,http://cdn.worldweatheronline.com/images/wsymbols01_png_64/wsymbol_0018_cloudy_with_heavy_rain.png,Heavy rain,14.0,0.6,96,6,3,1011,30,94,11,52,11,51,10,49,11,18,10,49,3
2021-03-17,07:18 AM,07:19 PM,09:32 AM,11:31 PM,Waxing Crescent,23,14,57,5,41,10,51,0.0,6.0,3,24,14,57,3,5,91,E,122,http://cdn.worldweatheronline.com/images/wsymbols01_png_64/wsymbol_0004_black_low_cloud.png,Overcast,0.0,0.0,85,7,4,1019,30,82,9,48,6,43,9,48,4,7,9,48,3
2021-03-16,07:19 AM,07:18 PM,09:06 AM,10:31 PM,Waxing Crescent,15,3,37,-2,29,1,35,1.2,6.0,1,24,3,37,6,10,152,SSE,350,http://cdn.worldweatheronline.com/images/wsymbols01_png_64/wsymbol_0021_cloudy_with_sleet.png,Ice pellets,7.3,0.3,92,5,2,1021,30,98,1,35,1,33,-2,29,9,14,-2,29,1
2021-03-15,07:21 AM,07:17 PM,08:41 AM,09:33 PM,Waxing Crescent,8,9,49,-2,28,4,39,0.0,10.2,1,24,9,49,7,12,189,S,119,http://cdn.worldweatheronline.com/images/wsymbols01_png_64/wsymbol_0003_white_cloud.png,Cloudy,0.0,0.0,34,10,6,1029,30,28,4,39,-12,11,1,34,10,17,1,34,1
2021-03-14,07:22 AM,07:16 PM,08:17 AM,08:34 PM,Waxing Crescent,1,15,59,4,40,10,50,0.0,8.8,3,24,15,59,9,15,317,NW,122,http://cdn.worldweatheronline.com/images/wsymbols01_png_64/wsymbol_0004_black_low_cloud.png,Overcast,0.0,0.0,46,10,6,1022,30,53,10,49,-2,28,8,46,14,22,8,46,3
2021-03-14,07:22 AM,07:16 PM,08:17 AM,08:34 PM,Waxing Crescent,1,15,59,4,40,10,50,0.0,8.8,3,24,15,59,9,15,317,NW,122,http://cdn.worldweatheronline.com/images/wsymbols01_png_64/wsymbol_0004_black_low_cloud.png,Overcast,0.0,0.0,46,10,6,1022,30,53,10,49,-2,28,8,46,14,22,8,46,3
2021-03-13,07:24 AM,07:15 PM,07:53 AM,07:35 PM,New Moon,0,16,60,6,42,10,50,0.0,11.6,2,24,16,60,6,10,261,W,119,http://cdn.worldweatheronline.com/images/wsymbols01_png_64/wsymbol_0003_white_cloud.png,Cloudy,0.0,0.0,42,10,6,1028,30,25,11,51,-3,26,9,48,10,15,9,48,2
2021-03-12,07:25 AM,07:14 PM,07:26 AM,06:33 PM,New Moon,0,16,61,14,56,15,59,0.0,8.8,3,24,16,61,7,12,269,W,119,http://cdn.worldweatheronline.com/images/wsymbols01_png_64/wsymbol_0003_white_cloud.png,Cloudy,0.0,0.0,66,10,6,1023,30,46,15,58,8,47,14,57,12,20,14,57,3
2021-03-11,07:27 AM,07:13 PM,06:56 AM,05:31 PM,Waning Crescent,6,20,69,10,49,16,60,0.0,10.2,4,24,20,69,9,14,203,SSW,122,http://cdn.worldweatheronline.com/images/wsymbols01_png_64/wsymbol_0004_black_low_cloud.png,Overcast,0.0,0.0,63,10,6,1026,30,27,14,58,7,45,14,57,14,22,14,57,4
2021-03-10,07:28 AM,07:12 PM,06:21 AM,04:26 PM,Waning Crescent,14,19,67,8,46,14,57,0.0,11.6,3,24,19,67,5,8,120,ESE,143,http://cdn.worldweatheronline.com/images/wsymbols01_png_64/wsymbol_0006_mist.png,Mist,0.0,0.0,71,9,5,1031,30,20,14,57,7,45,13,55,8,12,13,55,3
2021-03-09,07:30 AM,07:11 PM,05:39 AM,03:20 PM,Waning Crescent,21,18,64,4,39,12,53,0.0,10.2,3,24,18,64,4,7,232,SW,119,http://cdn.worldweatheronline.com/images/wsymbols01_png_64/wsymbol_0003_white_cloud.png,Cloudy,0.0,0.0,63,10,6,1031,30,31,11,51,3,37,9,48,7,12,9,48,3
2021-03-08,07:31 AM,07:10 PM,04:49 AM,02:16 PM,Last Quarter,28,10,50,-1,30,5,40,0.0,11.6,2,24,10,50,5,8,292,WNW,116,http://cdn.worldweatheronline.com/images/wsymbols01_png_64/wsymbol_0002_sunny_intervals.png,Partly cloudy,0.0,0.0,49,10,6,1032,30,12,4,39,-7,20,2,36,7,11,2,36,2
2021-03-07,07:33 AM,07:09 PM,03:51 AM,01:16 PM,Last Quarter,35,6,43,-0,31,3,37,0.0,11.6,2,24,6,43,6,9,333,NNW,116,http://cdn.worldweatheronline.com/images/wsymbols01_png_64/wsymbol_0002_sunny_intervals.png,Partly cloudy,0.0,0.0,47,10,6,1027,30,2,2,36,-8,17,-0,32,7,11,-0,32,2
2021-03-06,07:34 AM,07:08 PM,02:45 AM,12:21 PM,Last Quarter,43,7,45,-1,31,4,38,0.0,11.6,2,24,7,45,8,12,303,WNW,116,http://cdn.worldweatheronline.com/images/wsymbols01_png_64/wsymbol_0002_sunny_intervals.png,Partly cloudy,0.0,0.0,51,10,6,1021,30,5,3,37,-7,20,-0,31,11,17,-0,31,2
2021-03-05,07:36 AM,07:07 PM,01:34 AM,11:35 AM,Last Quarter,50,6,42,-3,28,2,35,0.0,11.6,2,24,6,42,11,18,318,NW,116,http://cdn.worldweatheronline.com/images/wsymbols01_png_64/wsymbol_0002_sunny_intervals.png,Partly cloudy,0.0,0.0,45,10,6,1019,30,3,1,34,-10,14,-3,26,16,25,-3,26,2
2021-03-04,07:37 AM,07:06 PM,12:21 AM,10:54 AM,Waning Gibbous,57,9,47,3,38,6,43,0.0,11.6,3,24,9,47,9,15,315,NW,116,http://cdn.worldweatheronline.com/images/wsymbols01_png_64/wsymbol_0002_sunny_intervals.png,Partly cloudy,0.0,0.0,63,10,6,1016,30,16,6,42,-1,30,3,37,14,22,3,37,3
2021-03-03,07:39 AM,07:05 PM,No moonrise,10:19 AM,Waning Gibbous,65,15,59,2,35,9,48,0.0,11.6,3,24,15,59,5,7,233,SW,116,http://cdn.worldweatheronline.com/images/wsymbols01_png_64/wsymbol_0002_sunny_intervals.png,Partly cloudy,0.0,0.0,58,10,6,1016,30,2,8,47,-1,30,7,44,6,10,7,44,3
2021-03-02,07:40 AM,07:04 PM,11:09 PM,09:48 AM,Waning Gibbous,72,10,49,-1,31,5,40,0.0,11.6,2,24,10,49,7,11,287,WNW,113,http://cdn.worldweatheronline.com/images/wsymbols01_png_64/wsymbol_0001_sunny.png,Sunny,0.0,0.0,46,10,6,1024,30,6,4,39,-7,19,1,34,10,16,1,34,2
2021-03-01,07:42 AM,07:03 PM,09:56 PM,09:18 AM,Waning Gibbous,79,11,52,6,43,10,50,0.0,5.8,3,24,11,52,7,11,267,W,299,http://cdn.worldweatheronline.com/images/wsymbols01_png_64/wsymbol_0010_heavy_rain_showers.png,Moderate rain at times,6.2,0.2,87,6,3,1011,30,88,10,49,8,46,8,46,10,17,8,46,3
2021-02-28,07:43 AM,07:02 PM,08:44 PM,08:48 AM,Waxing Gibbous,82,13,56,10,50,11,53,0.0,5.8,3,24,13,56,4,7,174,S,308,http://cdn.worldweatheronline.com/images/wsymbols01_png_64/wsymbol_0018_cloudy_with_heavy_rain.png,Heavy rain,19.5,0.8,96,4,2,1018,30,81,11,52,11,51,11,51,7,12,11,51,3
2021-02-27,07:45 AM,07:01 PM,07:32 PM,08:16 AM,Waxing Gibbous,90,12,54,4,40,9,48,0.0,7.2,2,24,12,54,6,10,191,SSW,296,http://cdn.worldweatheronline.com/images/wsymbols01_png_64/wsymbol_0017_cloudy_with_light_rain.png,Light rain,3.0,0.1,91,6,3,1022,30,81,8,46,7,44,6,43,9,15,6,43,2
2021-02-26,07:46 AM,07:00 PM,06:20 PM,07:43 AM,Full Moon,100,9,48,2,35,6,42,0.0,11.5,2,24,9,48,4,7,121,ESE,122,http://cdn.worldweatheronline.com/images/wsymbols01_png_64/wsymbol_0004_black_low_cloud.png,Overcast,0.0,0.0,61,10,6,1030,30,36,5,41,-2,28,4,39,6,9,4,39,2
2021-02-25,07:47 AM,06:59 PM,05:10 PM,07:04 AM,Waxing Gibbous,95,11,53,3,37,7,45,0.0,11.1,3,24,11,53,7,11,295,WNW,116,http://cdn.worldweatheronline.com/images/wsymbols01_png_64/wsymbol_0002_sunny_intervals.png,Partly cloudy,0.0,0.0,58,10,6,1021,30,31,8,47,-1,30,6,42,10,16,6,42,3
2021-02-24,07:49 AM,06:58 PM,04:02 PM,06:20 AM,Waxing Gibbous,88,14,57,1,34,8,46,0.0,11.1,2,24,14,57,7,11,225,SW,122,http://cdn.worldweatheronline.com/images/wsymbols01_png_64/wsymbol_0004_black_low_cloud.png,Overcast,0.0,0.0,75,10,6,1016,30,33,7,44,3,37,5,41,11,18,5,41,2
2021-02-23,07:50 AM,06:57 PM,02:59 PM,05:31 AM,Waxing Gibbous,80,10,50,-1,31,5,41,0.0,8.6,2,24,10,50,6,9,257,WSW,143,http://cdn.worldweatheronline.com/images/wsymbols01_png_64/wsymbol_0006_mist.png,Mist,0.0,0.0,83,9,5,1011,30,36,4,39,1,34,2,35,9,14,2,35,2
2021-02-22,07:51 AM,06:55 PM,02:04 PM,04:36 AM,Waxing Gibbous,73,6,43,-3,27,3,37,0.0,5.5,1,24,6,43,9,15,205,SSW,296,http://cdn.worldweatheronline.com/images/wsymbols01_png_64/wsymbol_0017_cloudy_with_light_rain.png,Light rain,2.5,0.1,85,9,5,1020,30,84,2,35,-1,31,-2,28,15,25,-2,28,1
2021-02-21,07:53 AM,06:54 PM,01:16 PM,03:39 AM,First Quarter,65,5,41,-5,23,0,33,0.0,11.0,2,24,5,41,5,8,245,WSW,116,http://cdn.worldweatheronline.com/images/wsymbols01_png_64/wsymbol_0002_sunny_intervals.png,Partly cloudy,0.0,0.0,69,10,6,1034,31,17,-1,30,-7,20,-4,25,7,11,-4,25,2
2021-02-20,07:54 AM,06:53 PM,12:35 PM,02:40 AM,First Quarter,58,-1,30,-6,22,-3,26,0.0,10.1,1,24,-1,30,10,16,316,NW,122,http://cdn.worldweatheronline.com/images/wsymbols01_png_64/wsymbol_0004_black_low_cloud.png,Overcast,0.0,0.0,72,10,6,1026,30,24,-3,26,-8,18,-9,16,15,24,-9,16,1
2021-02-19,07:55 AM,06:52 PM,12:01 PM,01:41 AM,First Quarter,50,2,35,-5,23,0,32,0.0,7.0,1,24,2,35,7,11,307,NW,323,http://cdn.worldweatheronline.com/images/wsymbols01_png_64/wsymbol_0011_light_snow_showers.png,Patchy light snow,8.4,0.3,97,7,4,1018,30,75,-0,31,-1,31,-4,25,10,17,-4,25,1
2021-02-18,07:57 AM,06:51 PM,11:31 AM,12:42 AM,First Quarter,42,-2,29,-4,26,-2,28,8.8,5.5,1,24,-2,29,6,10,112,ESE,350,http://cdn.worldweatheronline.com/images/wsymbols01_png_64/wsymbol_0021_cloudy_with_sleet.png,Ice pellets,19.6,0.8,83,4,2,1025,30,94,-2,28,-5,23,-6,22,9,14,-6,22,1
2021-02-17,07:58 AM,06:50 PM,11:04 AM,No moonset,Waxing Crescent,35,1,35,-4,24,-1,29,0.0,10.9,2,24,1,35,9,14,249,WSW,116,http://cdn.worldweatheronline.com/images/wsymbols01_png_64/wsymbol_0002_sunny_intervals.png,Partly cloudy,0.0,0.0,49,10,6,1027,30,38,-1,30,-11,12,-5,22,12,19,-5,22,2
2021-02-16,07:59 AM,06:49 PM,10:39 AM,11:44 PM,Waxing Crescent,27,10,50,1,33,8,46,0.0,5.5,2,24,10,50,7,11,246,WSW,368,http://cdn.worldweatheronline.com/images/wsymbols01_png_64/wsymbol_0011_light_snow_showers.png,Light snow showers,22.7,0.9,85,8,5,1009,30,85,6,43,3,38,4,38,10,17,4,38,2
2021-02-15,08:00 AM,06:48 PM,10:15 AM,10:45 PM,Waxing Crescent,20,6,42,1,34,3,37,0.0,5.2,1,24,6,42,3,5,79,E,248,http://cdn.worldweatheronline.com/images/wsymbols01_png_64/wsymbol_0007_fog.png,Fog,0.2,0.0,96,2,1,1018,30,100,3,37,2,36,1,35,5,8,1,35,1
2021-02-14,08:01 AM,06:47 PM,09:51 AM,09:47 PM,Waxing Crescent,12,2,35,-6,20,1,33,0.0,5.2,1,24,2,35,5,8,193,SSW,266,http://cdn.worldweatheronline.com/images/wsymbols01_png_64/wsymbol_0017_cloudy_with_light_rain.png,Light drizzle,1.7,0.1,96,4,2,1022,30,100,-0,31,-0,31,-3,27,7,11,-3,27,1
2021-02-13,08:03 AM,06:45 PM,09:25 AM,08:46 PM,Waxing Crescent,5,-1,31,-2,28,-1,30,0.1,5.2,1,24,-1,31,4,7,53,NE,332,http://cdn.worldweatheronline.com/images/wsymbols01_png_64/wsymbol_0020_cloudy_with_heavy_snow.png,Moderate snow,0.4,0.0,83,9,5,1026,30,98,-1,30,-4,25,-4,25,6,9,-4,25,1
2021-02-12,08:04 AM,06:44 PM,08:56 AM,07:43 PM,New Moon,0,-1,30,-3,26,-2,28,2.4,5.2,1,24,-1,30,5,8,44,NE,338,http://cdn.worldweatheronline.com/images/wsymbols01_png_64/wsymbol_0020_cloudy_with_heavy_snow.png,Heavy snow,3.0,0.1,89,5,3,1026,30,93,-2,28,-4,25,-5,23,7,11,-5,23,1
2021-02-11,08:05 AM,06:43 PM,08:21 AM,06:38 PM,New Moon,0,1,34,-1,30,0,32,0.1,5.2,1,24,1,34,6,10,46,NE,326,http://cdn.worldweatheronline.com/images/wsymbols01_png_64/wsymbol_0011_light_snow_showers.png,Light snow,2.8,0.1,93,6,3,1025,30,100,-0,32,-1,30,-3,26,9,14,-3,26,1
2021-02-10,08:06 AM,06:42 PM,07:42 AM,05:32 PM,New Moon,0,4,39,-1,30,1,34,0.1,8.4,1,24,4,39,6,10,154,SSE,122,http://cdn.worldweatheronline.com/images/wsymbols01_png_64/wsymbol_0004_black_low_cloud.png,Overcast,0.1,0.0,66,10,6,1027,30,61,1,34,-5,23,-2,29,9,14,-2,29,1
2021-02-09,08:07 AM,06:41 PM,06:53 AM,04:25 PM,Waning Crescent,3,10,50,-2,29,5,42,0.0,10.0,2,24,10,50,6,10,225,SW,122,http://cdn.worldweatheronline.com/images/wsymbols01_png_64/wsymbol_0004_black_low_cloud.png,Overcast,0.0,0.0,77,10,6,1025,30,75,4,38,-0,32,1,34,10,16,1,34,2
2021-02-08,08:08 AM,06:40 PM,05:56 AM,03:22 PM,Waning Crescent,10,1,34,-4,25,-1,30,0.0,6.8,1,24,1,34,6,9,190,S,122,http://cdn.worldweatheronline.com/images/wsymbols01_png_64/wsymbol_0004_black_low_cloud.png,Overcast,0.0,0.0,60,10,6,1028,30,56,-1,30,-9,17,-4,25,8,13,-4,25,1
2021-02-08,08:08 AM,06:40 PM,05:56 AM,03:22 PM,Waning Crescent,10,1,34,-4,25,-1,30,0.0,6.8,1,24,1,34,6,9,190,S,122,http://cdn.worldweatheronline.com/images/wsymbols01_png_64/wsymbol_0004_black_low_cloud.png,Overcast,0.0,0.0,60,10,6,1028,30,56,-1,30,-9,17,-4,25,8,13,-4,25,1
2021-02-07,08:09 AM,06:39 PM,04:51 AM,02:25 PM,Waning Crescent,18,3,37,-2,28,1,34,8.2,6.8,1,24,3,37,7,11,228,SW,338,http://cdn.worldweatheronline.com/images/wsymbols01_png_64/wsymbol_0020_cloudy_with_heavy_snow.png,Heavy snow,9.7,0.4,90,6,3,1015,30,82,1,34,-0,31,-2,29,10,16,-2,29,1
2021-02-06,08:10 AM,06:37 PM,03:42 AM,01:36 PM,Last Quarter,25,8,46,-0,31,4,39,0.0,10.0,1,24,8,46,6,9,211,SSW,122,http://cdn.worldweatheronline.com/images/wsymbols01_png_64/wsymbol_0004_black_low_cloud.png,Overcast,0.0,0.0,67,10,6,1017,30,40,3,38,-3,27,1,34,8,13,1,34,1
2021-02-05,08:11 AM,06:36 PM,02:30 AM,12:54 PM,Last Quarter,33,10,50,2,36,7,44,0.0,10.0,2,24,10,50,9,15,218,SW,122,http://cdn.worldweatheronline.com/images/wsymbols01_png_64/wsymbol_0004_black_low_cloud.png,Overcast,1.0,0.0,77,10,6,1007,30,48,6,42,1,34,3,37,14,23,3,37,2
2021-02-04,08:12 AM,06:35 PM,01:19 AM,12:18 PM,Last Quarter,40,6,43,-3,26,1,35,0.0,10.2,1,24,6,43,6,10,265,W,119,http://cdn.worldweatheronline.com/images/wsymbols01_png_64/wsymbol_0003_white_cloud.png,Cloudy,0.0,0.0,77,10,6,1015,30,19,0,33,-3,26,-3,27,10,16,-3,27,1
2021-02-03,08:13 AM,06:34 PM,12:09 AM,11:47 AM,Last Quarter,48,3,37,-3,27,0,33,0.0,10.2,2,24,3,37,14,22,320,NW,116,http://cdn.worldweatheronline.com/images/wsymbols01_png_64/wsymbol_0002_sunny_intervals.png,Partly cloudy,0.0,0.0,79,10,6,1007,30,38,-1,31,-4,25,-6,21,22,36,-6,21,2
2021-02-02,08:14 AM,06:33 PM,No moonrise,11:17 AM,Waning Gibbous,55,0,32,-5,24,-1,30,0.3,5.1,1,24,0,32,14,22,330,NNW,368,http://cdn.worldweatheronline.com/images/wsymbols01_png_64/wsymbol_0011_light_snow_showers.png,Light snow showers,0.4,0.0,86,8,5,1005,30,91,-1,30,-3,27,-7,20,21,34,-7,20,1
2021-02-01,08:15 AM,06:32 PM,10:59 PM,10:48 AM,Waning Gibbous,63,3,37,-5,24,2,35,0.6,5.1,1,24,3,37,11,18,25,NNE,338,http://cdn.worldweatheronline.com/images/wsymbols01_png_64/wsymbol_0020_cloudy_with_heavy_snow.png,Heavy snow,3.2,0.1,97,6,3,1006,30,100,1,34,1,34,-3,26,17,28,-3,26,1
2021-01-31,08:16 AM,06:31 PM,09:50 PM,10:18 AM,Waning Gibbous,79,0,32,-5,23,-1,31,3.1,5.1,1,24,0,32,7,11,128,SE,338,http://cdn.worldweatheronline.com/images/wsymbols01_png_64/wsymbol_0020_cloudy_with_heavy_snow.png,Heavy snow,11.8,0.5,84,5,2,1022,30,94,-1,30,-3,27,-4,24,10,16,-4,24,1
2021-01-30,08:17 AM,06:29 PM,08:40 PM,09:46 AM,Waxing Gibbous,82,3,37,-5,24,-1,30,0.0,10.0,1,24,3,37,5,9,284,WNW,122,http://cdn.worldweatheronline.com/images/wsymbols01_png_64/wsymbol_0004_black_low_cloud.png,Overcast,0.0,0.0,52,10,6,1028,30,35,-2,29,-11,13,-5,24,8,12,-5,24,1
2021-01-29,08:17 AM,06:28 PM,07:30 PM,09:10 AM,Waxing Gibbous,90,0,32,-5,22,-3,27,0.0,10.1,2,24,0,32,11,17,323,NW,116,http://cdn.worldweatheronline.com/images/wsymbols01_png_64/wsymbol_0002_sunny_intervals.png,Partly cloudy,0.0,0.0,46,10,6,1027,30,11,-3,26,-13,8,-9,16,15,24,-9,16,2
2021-01-28,08:18 AM,06:27 PM,06:21 PM,08:29 AM,Full Moon,100,0,32,-4,25,-2,29,0.1,10.0,1,24,0,32,14,22,337,NNW,332,http://cdn.worldweatheronline.com/images/wsymbols01_png_64/wsymbol_0020_cloudy_with_heavy_snow.png,Moderate snow,0.2,0.0,65,9,5,1022,30,49,-2,29,-7,19,-8,18,20,32,-8,18,1
2021-01-27,08:19 AM,06:26 PM,05:17 PM,07:42 AM,Waxing Gibbous,96,10,50,4,40,8,47,0.0,10.0,2,24,10,50,5,8,296,WNW,122,http://cdn.worldweatheronline.com/images/wsymbols01_png_64/wsymbol_0004_black_low_cloud.png,Overcast,0.0,0.0,84,7,4,1014,30,45,7,45,4,40,6,42,7,12,6,42,2
2021-01-26,08:20 AM,06:25 PM,04:17 PM,06:49 AM,Waxing Gibbous,88,7,45,-3,28,4,38,0.0,5.0,1,24,7,45,5,8,117,ESE,266,http://cdn.worldweatheronline.com/images/wsymbols01_png_64/wsymbol_0017_cloudy_with_light_rain.png,Light drizzle,5.9,0.2,98,3,1,1013,30,100,3,37,3,37,1,34,7,12,1,34,1
2021-01-25,08:20 AM,06:24 PM,03:25 PM,05:52 AM,Waxing Gibbous,81,4,39,-1,30,2,36,0.0,6.7,1,24,4,39,4,6,65,ENE,302,http://cdn.worldweatheronline.com/images/wsymbols01_png_64/wsymbol_0018_cloudy_with_heavy_rain.png,Moderate rain,7.8,0.3,71,9,5,1018,30,82,1,34,-4,26,-0,31,6,9,-0,31,1
2021-01-24,08:21 AM,06:22 PM,02:41 PM,04:52 AM,Waxing Gibbous,74,5,41,-3,27,1,35,0.0,10.0,2,24,5,41,5,7,267,W,116,http://cdn.worldweatheronline.com/images/wsymbols01_png_64/wsymbol_0002_sunny_intervals.png,Partly cloudy,0.0,0.0,51,10,6,1025,30,41,1,33,-9,16,-2,29,7,11,-2,29,2
2021-01-23,08:22 AM,06:21 PM,02:04 PM,03:53 AM,Waxing Gibbous,67,1,34,-2,28,-1,30,0.0,10.0,2,24,1,34,9,15,325,NW,116,http://cdn.worldweatheronline.com/images/wsymbols01_png_64/wsymbol_0002_sunny_intervals.png,Partly cloudy,0.0,0.0,50,10,6,1022,30,6,-1,30,-11,13,-6,22,13,20,-6,22,2
2021-01-22,08:22 AM,06:20 PM,01:32 PM,02:54 AM,First Quarter,59,7,45,1,35,5,40,0.0,10.0,2,24,7,45,7,11,280,W,116,http://cdn.worldweatheronline.com/images/wsymbols01_png_64/wsymbol_0002_sunny_intervals.png,Partly cloudy,0.0,0.0,65,10,6,1010,30,4,4,39,-3,27,1,34,10,17,1,34,2
2021-01-21,08:23 AM,06:19 PM,01:04 PM,01:55 AM,First Quarter,52,9,48,-0,31,5,40,0.0,10.0,2,24,9,48,5,9,232,SW,116,http://cdn.worldweatheronline.com/images/wsymbols01_png_64/wsymbol_0002_sunny_intervals.png,Partly cloudy,0.0,0.0,64,10,6,1012,30,12,3,38,-3,27,1,34,7,12,1,34,2
2021-01-20,08:24 AM,06:18 PM,12:38 PM,12:58 AM,First Quarter,45,4,38,1,33,2,36,0.0,8.3,1,24,4,38,8,13,285,WNW,122,http://cdn.worldweatheronline.com/images/wsymbols01_png_64/wsymbol_0004_black_low_cloud.png,Overcast,0.0,0.0,61,10,6,1020,30,23,2,36,-5,23,-1,30,12,19,-1,30,1
2021-01-19,08:24 AM,06:17 PM,12:14 PM,No moonset,Waxing Crescent,38,8,46,-0,31,4,39,0.0,9.9,2,24,8,46,6,9,252,WSW,116,http://cdn.worldweatheronline.com/images/wsymbols01_png_64/wsymbol_0002_sunny_intervals.png,Partly cloudy,0.0,0.0,65,10,6,1020,30,26,3,37,-3,27,1,33,9,14,1,33,2
2021-01-18,08:25 AM,06:16 PM,11:51 AM,12:00 AM,Waxing Crescent,30,5,42,0,33,3,37,0.0,9.9,1,24,5,42,7,12,266,W,119,http://cdn.worldweatheronline.com/images/wsymbols01_png_64/wsymbol_0003_white_cloud.png,Cloudy,0.0,0.0,64,10,6,1011,30,39,2,36,-4,25,-1,31,11,18,-1,31,1
2021-01-17,08:25 AM,06:15 PM,11:26 AM,11:01 PM,Waxing Crescent,23,8,46,0,33,4,40,0.0,9.9,1,24,8,46,8,12,243,WSW,119,http://cdn.worldweatheronline.com/images/wsymbols01_png_64/wsymbol_0003_white_cloud.png,Cloudy,0.0,0.0,67,10,6,1007,30,21,3,38,-2,28,0,33,11,18,0,33,1
2021-01-16,08:25 AM,06:14 PM,10:58 AM,09:59 PM,Waxing Crescent,16,7,44,2,35,4,40,0.0,9.9,1,24,7,44,7,11,260,W,362,http://cdn.worldweatheronline.com/images/wsymbols01_png_64/wsymbol_0013_sleet_showers.png,Light sleet showers,4.0,0.2,74,10,6,1002,30,50,4,39,-0,32,2,35,10,15,2,35,1
2021-01-15,08:26 AM,06:13 PM,10:26 AM,08:56 PM,Waxing Crescent,8,8,46,2,36,5,41,0.0,4.9,2,24,8,46,5,8,183,S,143,http://cdn.worldweatheronline.com/images/wsymbols01_png_64/wsymbol_0006_mist.png,Mist,0.0,0.0,82,9,5,1007,30,67,5,40,2,35,3,37,7,12,3,37,2
2021-01-14,08:26 AM,06:12 PM,09:49 AM,07:50 PM,Waxing Crescent,1,12,53,1,35,7,44,0.0,9.9,3,24,12,53,3,4,188,S,116,http://cdn.worldweatheronline.com/images/wsymbols01_png_64/wsymbol_0002_sunny_intervals.png,Partly cloudy,0.0,0.0,70,10,6,1011,30,17,6,43,0,32,5,41,5,7,5,41,3
2021-01-13,08:26 AM,06:10 PM,09:03 AM,06:42 PM,New Moon,0,11,52,2,36,7,45,0.0,9.8,3,24,11,52,3,5,218,SW,116,http://cdn.worldweatheronline.com/images/wsymbols01_png_64/wsymbol_0002_sunny_intervals.png,Partly cloudy,0.0,0.0,74,10,6,1018,30,2,6,44,2,35,6,43,4,6,6,43,3
2021-01-12,08:27 AM,06:09 PM,08:08 AM,05:36 PM,New Moon,0,11,51,1,33,7,44,0.0,9.8,3,24,11,51,3,5,260,W,116,http://cdn.worldweatheronline.com/images/wsymbols01_png_64/wsymbol_0002_sunny_intervals.png,Partly cloudy,0.0,0.0,76,10,6,1023,30,3,6,44,1,35,5,42,4,6,5,42,3
2021-01-11,08:27 AM,06:08 PM,07:04 AM,04:34 PM,Waning Crescent,6,7,44,0,33,4,39,0.0,4.9,1,24,7,44,3,4,235,SW,122,http://cdn.worldweatheronline.com/images/wsymbols01_png_64/wsymbol_0004_black_low_cloud.png,Overcast,0.0,0.0,70,10,6,1027,30,59,3,38,-2,29,3,37,4,6,3,37,1
2021-01-10,08:27 AM,06:07 PM,05:54 AM,03:41 PM,Waning Crescent,13,7,44,1,33,4,39,0.0,9.8,2,24,7,44,7,12,333,NNW,116,http://cdn.worldweatheronline.com/images/wsymbols01_png_64/wsymbol_0002_sunny_intervals.png,Partly cloudy,0.0,0.0,62,10,6,1023,30,7,3,38,-3,26,0,33,11,18,0,33,2
2021-01-09,08:27 AM,06:07 PM,04:40 AM,02:56 PM,Waning Crescent,20,5,41,-1,31,2,36,0.0,9.8,1,24,5,41,9,15,340,NNW,119,http://cdn.worldweatheronline.com/images/wsymbols01_png_64/wsymbol_0003_white_cloud.png,Cloudy,0.0,0.0,55,10,6,1014,30,26,2,35,-7,20,-2,28,15,23,-2,28,1
2021-01-08,08:27 AM,06:06 PM,03:28 AM,02:17 PM,Last Quarter,28,3,38,0,33,2,35,0.0,8.2,1,24,3,38,4,7,219,SW,176,http://cdn.worldweatheronline.com/images/wsymbols01_png_64/wsymbol_0009_light_rain_showers.png,Patchy rain possible,0.1,0.0,70,10,6,1018,30,44,2,35,-3,26,-0,31,6,10,-0,31,1
2021-01-07,08:28 AM,06:05 PM,02:16 AM,01:44 PM,Last Quarter,35,6,44,0,32,3,38,0.0,9.8,2,24,6,44,7,12,327,NNW,116,http://cdn.worldweatheronline.com/images/wsymbols01_png_64/wsymbol_0002_sunny_intervals.png,Partly cloudy,0.0,0.0,70,10,6,1022,30,10,3,37,-2,28,-1,31,11,17,-1,31,2
2021-01-06,08:28 AM,06:04 PM,01:07 AM,01:14 PM,Last Quarter,42,6,42,1,33,3,38,0.0,9.8,2,24,6,42,8,13,328,NNW,116,http://cdn.worldweatheronline.com/images/wsymbols01_png_64/wsymbol_0002_sunny_intervals.png,Partly cloudy,0.0,0.0,73,10,6,1019,30,26,3,37,-2,29,-1,31,12,20,-1,31,2
2021-01-05,08:28 AM,06:03 PM,No moonrise,12:45 PM,Last Quarter,50,5,42,1,34,3,38,0.0,6.6,1,24,5,42,5,8,311,NW,122,http://cdn.worldweatheronline.com/images/wsymbols01_png_64/wsymbol_0004_black_low_cloud.png,Overcast,0.0,0.0,76,10,6,1014,30,72,3,37,-1,30,1,34,7,12,1,34,1
2021-01-05,08:28 AM,06:03 PM,No moonrise,12:45 PM,Last Quarter,50,5,42,1,34,3,38,0.0,6.6,1,24,5,42,5,8,311,NW,122,http://cdn.worldweatheronline.com/images/wsymbols01_png_64/wsymbol_0004_black_low_cloud.png,Overcast,0.0,0.0,76,10,6,1014,30,72,3,37,-1,30,1,34,7,12,1,34,1
2021-01-04,08:28 AM,06:02 PM,11:59 PM,12:16 PM,Waning Gibbous,57,7,45,3,37,5,41,0.0,6.6,2,24,7,45,5,9,320,NW,122,http://cdn.worldweatheronline.com/images/wsymbols01_png_64/wsymbol_0004_black_low_cloud.png,Overcast,0.0,0.0,83,10,6,1016,30,64,4,40,2,35,2,36,8,14,2,36,2
2021-01-03,08:28 AM,06:01 PM,10:50 PM,11:46 AM,Waning Gibbous,64,5,42,4,39,5,41,0.0,4.9,1,24,5,42,5,8,176,S,302,http://cdn.worldweatheronline.com/images/wsymbols01_png_64/wsymbol_0018_cloudy_with_heavy_rain.png,Moderate rain,7.5,0.3,92,5,3,1014,30,88,5,41,4,39,3,38,7,12,3,38,1
2021-01-02,08:28 AM,06:00 PM,09:43 PM,11:12 AM,Waning Gibbous,71,14,57,-2,28,12,53,0.0,9.7,3,24,14,57,6,10,210,SSW,143,http://cdn.worldweatheronline.com/images/wsymbols01_png_64/wsymbol_0006_mist.png,Mist,1.1,0.0,85,6,3,1015,30,51,9,49,8,46,8,46,10,16,8,46,3
2021-01-01,08:27 AM,05:59 PM,08:35 PM,10:34 AM,Waning Gibbous,79,3,37,-4,25,2,35,0.0,3.5,1,24,3,37,4,6,62,ENE,302,http://cdn.worldweatheronline.com/images/wsymbols01_png_64/wsymbol_0018_cloudy_with_heavy_rain.png,Moderate rain,8.8,0.3,84,8,5,1029,30,92,2,35,0,32,0,32,6,9,0,32,1
2020-12-31,08:27 AM,05:59 PM,07:30 PM,09:50 AM,Waxing Gibbous,89,8,47,1,34,7,45,0.0,8.7,2,24,8,47,8,14,139,SE,122,http://cdn.worldweatheronline.com/images/wsymbols01_png_64/wsymbol_0004_black_low_cloud.png,Overcast,0.0,0.0,82,10,6,1022,30,61,7,44,4,39,4,40,14,22,4,40,2
2020-12-30,08:27 AM,05:58 PM,06:29 PM,08:59 AM,Full Moon,100,5,41,-1,30,2,36,0.0,8.7,2,24,5,41,7,11,158,SSE,116,http://cdn.worldweatheronline.com/images/wsymbols01_png_64/wsymbol_0002_sunny_intervals.png,Partly cloudy,0.0,0.0,60,10,6,1031,30,36,2,35,-5,22,-1,30,10,16,-1,30,2
2020-12-29,08:27 AM,05:57 PM,05:34 PM,08:04 AM,Full Moon,100,4,39,1,34,3,37,0.0,8.7,2,24,4,39,7,12,330,NNW,116,http://cdn.worldweatheronline.com/images/wsymbols01_png_64/wsymbol_0002_sunny_intervals.png,Partly cloudy,0.0,0.0,66,10,6,1031,30,4,3,37,-3,26,-0,31,11,18,-0,31,2
2020-12-28,08:27 AM,05:56 PM,04:47 PM,07:05 AM,Waxing Gibbous,92,9,48,1,34,5,41,0.0,8.7,2,24,9,48,7,12,218,SW,119,http://cdn.worldweatheronline.com/images/wsymbols01_png_64/wsymbol_0003_white_cloud.png,Cloudy,0.0,0.0,77,10,6,1022,30,28,4,39,0,33,1,34,12,20,1,34,2
2020-12-27,08:26 AM,05:56 PM,04:07 PM,06:05 AM,Waxing Gibbous,85,6,42,-1,29,3,37,0.0,8.7,1,24,6,42,4,6,145,SE,122,http://cdn.worldweatheronline.com/images/wsymbols01_png_64/wsymbol_0004_black_low_cloud.png,Overcast,0.0,0.0,68,10,6,1022,30,30,2,35,-4,25,-0,32,6,10,-0,32,1
2020-12-26,08:26 AM,05:55 PM,03:33 PM,05:05 AM,Waxing Gibbous,78,2,36,-5,23,-1,29,0.0,8.7,2,24,2,36,5,9,208,SSW,116,http://cdn.worldweatheronline.com/images/wsymbols01_png_64/wsymbol_0002_sunny_intervals.png,Partly cloudy,0.0,0.0,57,10,6,1016,30,10,-2,28,-9,15,-5,22,7,11,-5,22,2
2020-12-25,08:26 AM,05:54 PM,03:03 PM,04:06 AM,Waxing Gibbous,70,1,34,-3,26,0,33,0.0,3.5,1,24,1,34,12,19,280,W,329,http://cdn.worldweatheronline.com/images/wsymbols01_png_64/wsymbol_0020_cloudy_with_heavy_snow.png,Patchy moderate snow,2.3,0.1,70,9,5,1005,30,84,2,36,-2,28,-2,28,16,26,-2,28,1
2020-12-24,08:25 AM,05:54 PM,02:37 PM,03:09 AM,First Quarter,63,15,60,3,37,13,55,0.0,3.5,3,24,15,60,13,21,162,SSE,353,http://cdn.worldweatheronline.com/images/wsymbols01_png_64/wsymbol_0009_light_rain_showers.png,Light rain shower,8.0,0.3,85,8,4,1011,30,94,12,53,9,49,9,49,22,35,9,49,3
2020-12-23,08:25 AM,05:53 PM,02:13 PM,02:11 AM,First Quarter,56,7,44,0,33,5,40,0.0,8.7,2,24,7,44,6,10,220,SW,116,http://cdn.worldweatheronline.com/images/wsymbols01_png_64/wsymbol_0002_sunny_intervals.png,Partly cloudy,0.0,0.0,74,10,6,1027,30,7,4,39,-0,32,2,35,9,15,2,35,2
2020-12-22,08:24 AM,05:53 PM,01:49 PM,01:14 AM,First Quarter,49,7,45,2,35,5,41,0.0,8.7,3,24,7,45,9,15,289,WNW,116,http://cdn.worldweatheronline.com/images/wsymbols01_png_64/wsymbol_0002_sunny_intervals.png,Partly cloudy,0.1,0.0,74,10,6,1014,30,17,5,40,0,33,2,35,14,23,2,35,3
2020-12-21,08:24 AM,05:52 PM,01:25 PM,12:14 AM,First Quarter,41,8,46,1,34,5,41,0.0,8.7,1,24,8,46,3,5,235,SW,143,http://cdn.worldweatheronline.com/images/wsymbols01_png_64/wsymbol_0006_mist.png,Mist,0.1,0.0,89,6,3,1011,30,44,4,39,2,36,3,38,5,8,3,38,1
2020-12-20,08:23 AM,05:52 PM,12:59 PM,No moonset,Waxing Crescent,34,3,38,0,32,2,36,0.0,3.5,1,24,3,38,5,8,177,S,296,http://cdn.worldweatheronline.com/images/wsymbols01_png_64/wsymbol_0017_cloudy_with_light_rain.png,Light rain,0.8,0.0,93,7,4,1021,30,92,2,35,1,33,-1,31,8,13,-1,31,1
2020-12-19,08:23 AM,05:51 PM,12:30 PM,11:14 PM,Waxing Crescent,27,3,37,-2,28,1,33,0.0,8.7,1,24,3,37,3,5,247,WSW,122,http://cdn.worldweatheronline.com/images/wsymbols01_png_64/wsymbol_0004_black_low_cloud.png,Overcast,0.0,0.0,87,10,6,1029,30,35,0,32,-2,29,-2,29,5,7,-2,29,1
2020-12-18,08:22 AM,05:51 PM,11:56 AM,10:10 PM,Waxing Crescent,20,3,37,-5,24,1,33,0.0,8.7,1,24,3,37,5,8,265,W,143,http://cdn.worldweatheronline.com/images/wsymbols01_png_64/wsymbol_0006_mist.png,Mist,0.0,0.0,89,7,4,1026,30,62,-0,32,-1,30,-3,27,8,12,-3,27,1
2020-12-17,08:22 AM,05:50 PM,11:15 AM,09:04 PM,Waxing Crescent,12,2,36,-2,28,1,35,0.0,3.5,1,24,2,36,7,10,100,E,122,http://cdn.worldweatheronline.com/images/wsymbols01_png_64/wsymbol_0004_black_low_cloud.png,Overcast,12.3,0.5,88,9,5,1017,30,99,1,34,-0,32,-2,29,9,15,-2,29,1
2020-12-16,08:21 AM,05:50 PM,10:25 AM,07:57 PM,Waxing Crescent,5,4,38,-3,27,2,36,0.0,3.5,1,24,4,38,7,11,68,ENE,308,http://cdn.worldweatheronline.com/images/wsymbols01_png_64/wsymbol_0018_cloudy_with_heavy_rain.png,Heavy rain,18.5,0.7,80,8,4,1022,30,80,2,35,-1,30,-1,30,10,16,-1,30,1
2020-12-15,08:21 AM,05:50 PM,09:25 AM,06:52 PM,New Moon,0,3,37,0,32,1,35,0.0,7.0,1,24,3,37,6,10,246,WSW,122,http://cdn.worldweatheronline.com/images/wsymbols01_png_64/wsymbol_0004_black_low_cloud.png,Overcast,0.0,0.0,64,10,6,1026,30,33,1,34,-5,23,-2,29,9,15,-2,29,1
2020-12-14,08:20 AM,05:49 PM,08:15 AM,05:54 PM,New Moon,0,7,45,3,37,5,41,0.0,3.5,2,24,7,45,10,15,153,SSE,308,http://cdn.worldweatheronline.com/images/wsymbols01_png_64/wsymbol_0018_cloudy_with_heavy_rain.png,Heavy rain,19.5,0.8,82,8,5,1012,30,76,6,42,3,37,3,37,14,23,3,37,2
2020-12-13,08:19 AM,05:49 PM,07:01 AM,05:04 PM,Waning Crescent,2,15,58,10,50,12,54,0.0,8.7,3,24,15,58,6,10,202,SSW,143,http://cdn.worldweatheronline.com/images/wsymbols01_png_64/wsymbol_0006_mist.png,Mist,0.0,0.0,76,8,4,1017,30,22,12,53,7,45,11,52,10,16,11,52,3
2020-12-12,08:18 AM,05:49 PM,05:45 AM,04:21 PM,Waning Crescent,9,16,60,9,47,12,54,0.0,7.0,3,24,16,60,7,12,193,SSW,248,http://cdn.worldweatheronline.com/images/wsymbols01_png_64/wsymbol_0007_fog.png,Fog,0.1,0.0,83,6,3,1017,30,56,11,53,9,47,10,51,12,20,10,51,3
2020-12-11,08:18 AM,05:49 PM,04:30 AM,03:44 PM,Waning Crescent,17,14,56,3,38,9,48,0.0,8.7,2,24,14,56,6,10,188,S,143,http://cdn.worldweatheronline.com/images/wsymbols01_png_64/wsymbol_0006_mist.png,Mist,0.0,0.0,83,9,5,1022,30,9,8,46,5,41,6,43,9,15,6,43,2
2020-12-10,08:17 AM,05:49 PM,03:18 AM,03:12 PM,Waning Crescent,24,12,53,3,38,8,47,0.0,8.7,3,24,12,53,4,7,292,WNW,113,http://cdn.worldweatheronline.com/images/wsymbols01_png_64/wsymbol_0001_sunny.png,Sunny,0.0,0.0,76,10,6,1020,30,2,7,45,3,38,6,43,6,10,6,43,3
2020-12-09,08:16 AM,05:48 PM,02:07 AM,02:42 PM,Last Quarter,31,8,46,-1,31,4,38,0.0,5.2,1,24,8,46,5,8,255,WSW,176,http://cdn.worldweatheronline.com/images/wsymbols01_png_64/wsymbol_0009_light_rain_showers.png,Patchy rain possible,0.1,0.0,73,10,6,1013,30,42,3,37,-2,29,1,33,8,13,1,33,1
2020-12-08,08:15 AM,05:48 PM,12:58 AM,02:13 PM,Last Quarter,38,6,43,-1,30,3,37,0.0,8.7,2,24,6,43,10,16,320,NW,116,http://cdn.worldweatheronline.com/images/wsymbols01_png_64/wsymbol_0002_sunny_intervals.png,Partly cloudy,0.0,0.0,64,10,6,1013,30,8,2,35,-5,24,-2,28,15,25,-2,28,2
2020-12-07,08:14 AM,05:48 PM,No moonrise,01:43 PM,Last Quarter,46,5,41,0,32,2,36,0.0,8.7,1,24,5,41,6,10,335,NNW,323,http://cdn.worldweatheronline.com/images/wsymbols01_png_64/wsymbol_0011_light_snow_showers.png,Patchy light snow,0.0,0.0,66,10,6,1013,30,37,2,35,-4,25,-1,30,9,15,-1,30,1
2020-12-06,08:14 AM,05:48 PM,11:50 PM,01:10 PM,Last Quarter,53,8,46,1,34,4,40,0.0,8.7,2,24,8,46,7,11,311,NW,116,http://cdn.worldweatheronline.com/images/wsymbols01_png_64/wsymbol_0002_sunny_intervals.png,Partly cloudy,0.0,0.0,65,10,6,1015,30,7,3,38,-2,28,1,33,10,17,1,33,2
2020-12-05,08:13 AM,05:48 PM,10:43 PM,12:34 PM,Waning Gibbous,60,10,49,3,37,7,45,0.0,5.2,2,24,10,49,13,21,254,WSW,308,http://cdn.worldweatheronline.com/images/wsymbols01_png_64/wsymbol_0018_cloudy_with_heavy_rain.png,Heavy rain,28.5,1.1,83,7,4,1008,30,72,7,45,5,40,4,39,20,32,4,39,2
2020-12-04,08:12 AM,05:48 PM,09:38 PM,11:52 AM,Waning Gibbous,67,7,45,2,35,6,43,0.0,5.2,2,24,7,45,5,8,209,SSW,296,http://cdn.worldweatheronline.com/images/wsymbols01_png_64/wsymbol_0017_cloudy_with_light_rain.png,Light rain,2.8,0.1,79,10,6,1020,30,65,6,42,3,37,4,39,8,12,4,39,2
2020-12-03,08:11 AM,05:48 PM,08:36 PM,11:05 AM,Waning Gibbous,75,9,49,2,35,6,42,0.0,8.7,3,24,9,49,4,6,227,SW,116,http://cdn.worldweatheronline.com/images/wsymbols01_png_64/wsymbol_0002_sunny_intervals.png,Partly cloudy,0.0,0.0,61,10,6,1026,30,9,5,41,-2,29,4,39,5,8,4,39,3
2020-12-02,08:10 AM,05:49 PM,07:40 PM,10:12 AM,Waxing Gibbous,82,8,46,1,33,4,40,0.0,8.7,2,24,8,46,7,11,269,W,116,http://cdn.worldweatheronline.com/images/wsymbols01_png_64/wsymbol_0002_sunny_intervals.png,Partly cloudy,0.0,0.0,59,10,6,1018,30,13,4,39,-4,26,1,34,10,16,1,34,2
